escalation_id,note_id,created_at_utc,slack_channel,slack_thread_ts,status,assignee_mds_id,first_response_at_utc,resolved_at_utc,attempt_count,last_api_error
ES-50001,NT-000017,2026-03-26 15:47:09,#ops-note-triage-urgent,1774540029.893550,RESOLVED,MD-229,2026-03-26 16:39:59,2026-03-27 00:40:16,1,
ES-50002,NT-000023,2026-03-26 17:01:17,#ops-note-triage,1774544477.597145,RESOLVED,MD-229,2026-03-26 18:54:41,2026-03-27 16:38:54,1,
ES-50003,NT-000042,2026-03-27 08:35:31,#ops-note-triage,1774600531.281382,RESOLVED,MD-232,2026-03-27 09:35:16,2026-03-27 10:15:22,1,
ES-50004,NT-000072,2026-03-26 10:53:42,#ops-note-triage-urgent,1774522422.515807,RESOLVED,MD-233,2026-03-26 13:56:18,2026-03-27 02:18:48,1,
ES-50005,NT-000088,2026-03-27 13:25:12,#ops-note-triage,1774617912.029455,RESOLVED,MD-204,2026-03-27 13:34:14,2026-03-28 17:42:23,1,
ES-50006,NT-000092,2026-03-27 09:04:01,#ops-note-triage,1774602241.513557,RESOLVED,MD-205,2026-03-27 09:50:12,2026-03-27 12:01:08,1,
ES-50007,NT-000093,2026-03-28 00:44:09,#ops-note-triage-urgent,1774658649.843464,OPEN,MD-208,2026-03-28 01:14:11,,1,
ES-50008,NT-000118,2026-03-28 02:14:40,#ops-note-triage,1774664080.498036,RESOLVED,MD-230,2026-03-28 03:43:46,2026-03-29 01:12:35,1,
ES-50009,NT-000132,2026-03-29 07:37:48,#ops-note-triage,1774769868.341541,RESOLVED,MD-201,2026-03-29 07:47:40,2026-03-30 02:43:36,1,
ES-50010,NT-000142,2026-03-28 10:56:11,#ops-note-triage-urgent,1774695371.243054,RESOLVED,MD-210,2026-03-28 11:33:06,2026-03-29 13:05:14,1,
ES-50011,NT-000162,2026-03-28 13:29:26,#ops-note-triage,1774704566.371225,RESOLVED,MD-221,2026-03-28 13:41:55,2026-03-28 22:05:43,1,
ES-50012,NT-000171,2026-03-28 08:28:18,#ops-note-triage,1774686498.154054,RESOLVED,MD-202,2026-03-28 08:35:42,2026-03-29 10:07:37,1,
ES-50013,NT-000173,2026-03-29 04:33:16,#ops-note-triage-urgent,1774758796.341603,RESOLVED,MD-234,2026-03-29 05:07:26,2026-03-29 20:24:51,1,
ES-50014,NT-000176,2026-03-29 09:06:20,#ops-note-triage,1774775180.722641,OPEN,MD-202,2026-03-29 09:28:59,,1,
ES-50015,NT-000195,2026-03-29 07:52:10,#ops-note-triage,1774770730.505535,RESOLVED,MD-204,2026-03-29 11:45:29,2026-03-30 09:43:51,1,
ES-50016,NT-000208,2026-03-29 03:26:43,#ops-note-triage-urgent,1774754803.415569,RESOLVED,MD-201,2026-03-29 03:43:01,2026-03-30 15:39:28,1,
ES-50017,NT-000213,2026-03-27 23:42:12,#ops-note-triage,1774654932.471242,RESOLVED,MD-220,2026-03-28 01:25:28,2026-03-29 01:44:11,1,
ES-50018,NT-000214,2026-03-30 04:19:24,#ops-note-triage,1774844364.570805,OPEN,MD-228,2026-03-30 04:26:18,,1,
ES-50019,NT-000217,2026-03-29 19:15:21,#ops-note-triage-urgent,1774811721.726543,RESOLVED,MD-214,2026-03-29 20:15:39,2026-03-30 06:59:19,1,
ES-50020,NT-000221,2026-03-28 21:57:19,#ops-note-triage,1774735039.441700,OPEN,MD-208,2026-03-28 23:42:17,,1,
ES-50021,NT-000225,2026-06-11 09:00:00,#ops-note-triage,,PENDING_POST,MD-226,,,1,slack_api:ratelimited (HTTP 429)
ES-50022,NT-000245,2026-03-30 23:14:43,#ops-note-triage-urgent,1774912483.828118,RESOLVED,MD-211,2026-03-30 23:43:36,2026-03-31 05:12:19,1,
ES-50023,NT-000247,2026-03-30 17:14:35,#ops-note-triage,1774890875.230777,OPEN,MD-224,2026-03-30 17:22:02,,1,
ES-50024,NT-000262,2026-03-31 22:54:25,#ops-note-triage,1774997665.080087,RESOLVED,MD-213,2026-03-31 23:56:42,2026-04-02 06:18:20,1,
ES-50025,NT-000269,2026-03-29 21:25:01,#ops-note-triage-urgent,1774819501.198459,RESOLVED,MD-217,2026-03-29 22:49:09,2026-03-30 02:12:52,1,
ES-50026,NT-000283,2026-03-31 00:26:56,#ops-note-triage,1774916816.831739,RESOLVED,MD-226,2026-03-31 02:05:12,2026-03-31 03:59:15,1,
ES-50027,NT-000284,2026-03-30 02:59:40,#ops-note-triage,1774839580.093065,RESOLVED,MD-234,2026-03-30 03:23:44,2026-03-30 10:41:36,1,
ES-50028,NT-000289,2026-04-02 05:31:15,#ops-note-triage-urgent,1775107875.700207,RESOLVED,MD-205,2026-04-02 05:59:46,2026-04-03 15:05:59,1,
ES-50029,NT-000324,2026-03-31 13:57:29,#ops-note-triage,1774965449.952006,RESOLVED,MD-225,2026-03-31 15:35:14,2026-04-01 06:43:02,1,
ES-50030,NT-000328,2026-04-02 03:19:05,#ops-note-triage,1775099945.084816,RESOLVED,MD-212,2026-04-02 04:52:29,2026-04-02 10:25:11,1,
ES-50031,NT-000333,2026-04-01 10:00:52,#ops-note-triage-urgent,1775037652.407222,RESOLVED,MD-213,2026-04-01 10:44:08,2026-04-02 10:00:53,1,
ES-50032,NT-000335,2026-04-01 11:04:38,#ops-note-triage,1775041478.617375,RESOLVED,MD-224,2026-04-01 12:07:10,2026-04-01 15:52:24,1,
ES-50033,NT-000365,2026-03-31 18:07:34,#ops-note-triage,1774980454.268569,OPEN,MD-217,2026-03-31 18:49:57,,1,
ES-50034,NT-000376,2026-04-02 07:03:45,#ops-note-triage-urgent,1775113425.592851,RESOLVED,MD-210,2026-04-02 07:24:06,2026-04-03 08:25:41,1,
ES-50035,NT-000406,2026-04-01 06:41:01,#ops-note-triage,1775025661.792022,RESOLVED,MD-210,2026-04-01 08:47:21,2026-04-02 16:29:24,1,
ES-50036,NT-000431,2026-04-02 08:05:50,#ops-note-triage,1775117150.064873,RESOLVED,MD-210,2026-04-02 08:34:42,2026-04-03 14:56:13,1,
ES-50037,NT-000437,2026-06-11 09:01:56,#ops-note-triage-urgent,,PENDING_POST,MD-231,,,1,slack_api:ratelimited (HTTP 429)
ES-50038,NT-000446,2026-04-03 19:39:18,#ops-note-triage,1775245158.259379,RESOLVED,MD-227,2026-04-03 20:47:06,2026-04-05 02:19:04,1,
ES-50039,NT-000451,2026-04-03 04:14:09,#ops-note-triage,1775189649.575001,OPEN,MD-223,2026-04-03 05:02:42,,1,
ES-50040,NT-000467,2026-04-02 09:22:20,#ops-note-triage-urgent,1775121740.352882,RESOLVED,MD-222,2026-04-02 10:25:00,2026-04-03 20:11:54,1,
ES-50041,NT-000477,2026-04-03 20:31:40,#ops-note-triage,1775248300.737639,OPEN,MD-209,2026-04-03 21:59:19,,1,
ES-50042,NT-000487,2026-04-03 22:41:12,#ops-note-triage,1775256072.817879,OPEN,MD-205,2026-04-03 23:02:52,,1,
ES-50043,NT-000504,2026-04-04 21:10:45,#ops-note-triage-urgent,1775337045.281568,RESOLVED,MD-206,2026-04-04 22:01:51,2026-04-05 11:50:40,1,
ES-50044,NT-000549,2026-04-04 07:25:02,#ops-note-triage,1775287502.810315,RESOLVED,MD-202,2026-04-04 07:57:29,2026-04-04 14:22:53,1,
ES-50045,NT-000561,2026-04-05 19:10:56,#ops-note-triage,1775416256.686936,RESOLVED,MD-212,2026-04-05 21:14:37,2026-04-05 21:56:24,1,
ES-50046,NT-000612,2026-04-05 09:06:19,#ops-note-triage-urgent,1775379979.216990,OPEN,MD-202,2026-04-05 10:57:19,,1,
ES-50047,NT-000631,2026-04-07 04:51:25,#ops-note-triage,1775537485.127924,RESOLVED,MD-208,2026-04-07 05:29:59,2026-04-08 13:45:35,1,
ES-50048,NT-000650,2026-04-06 18:33:13,#ops-note-triage,1775500393.695631,RESOLVED,MD-216,2026-04-06 18:59:19,2026-04-07 07:26:42,1,
ES-50049,NT-000656,2026-04-05 08:40:59,#ops-note-triage-urgent,1775378459.062014,RESOLVED,MD-202,2026-04-05 09:06:36,2026-04-06 21:37:19,1,
ES-50050,NT-000666,2026-04-07 15:42:38,#ops-note-triage,1775576558.070970,OPEN,MD-201,2026-04-07 16:14:32,,1,
ES-50051,NT-000716,2026-04-09 00:52:49,#ops-note-triage,1775695969.254762,RESOLVED,MD-227,2026-04-09 02:45:16,2026-04-09 14:31:34,1,
ES-50052,NT-000727,2026-04-07 06:00:23,#ops-note-triage-urgent,1775541623.294184,RESOLVED,MD-203,2026-04-07 06:26:41,2026-04-07 19:38:13,1,
ES-50053,NT-000731,2026-04-07 16:57:42,#ops-note-triage,1775581062.621003,RESOLVED,MD-206,2026-04-07 18:36:31,2026-04-07 23:48:29,1,
ES-50054,NT-000746,2026-04-06 23:24:27,#ops-note-triage,1775517867.163166,RESOLVED,MD-202,2026-04-07 00:20:23,2026-04-07 18:15:39,1,
ES-50055,NT-000762,2026-04-06 22:39:06,#ops-note-triage-urgent,1775515146.046602,RESOLVED,MD-233,2026-04-07 01:10:34,2026-04-08 11:40:41,1,
ES-50056,NT-000770,2026-04-07 23:32:45,#ops-note-triage,1775604765.672180,OPEN,MD-206,2026-04-07 23:56:07,,1,
ES-50057,NT-000803,2026-04-09 20:05:58,#ops-note-triage,1775765158.502133,RESOLVED,MD-209,2026-04-09 20:43:13,2026-04-10 01:11:06,1,
ES-50058,NT-000824,2026-04-09 11:38:06,#ops-note-triage-urgent,1775734686.628836,OPEN,MD-229,2026-04-09 12:23:13,,1,
ES-50059,NT-000841,2026-04-09 08:09:05,#ops-note-triage,1775722145.214859,RESOLVED,MD-229,2026-04-09 08:43:00,2026-04-09 22:53:27,1,
ES-50060,NT-000847,2026-04-08 03:54:49,#ops-note-triage,1775620489.625061,OPEN,MD-204,2026-04-08 04:30:41,,1,
ES-50061,NT-000861,2026-04-08 17:22:34,#ops-note-triage-urgent,1775668954.945074,RESOLVED,MD-225,2026-04-08 18:03:35,2026-04-09 05:52:56,1,
ES-50062,NT-000913,2026-06-11 09:03:23,#ops-note-triage,,PENDING_POST,MD-206,,,1,slack_api:ratelimited (HTTP 429)
ES-50063,NT-000917,2026-04-10 03:20:37,#ops-note-triage,1775791237.985812,RESOLVED,MD-230,2026-04-10 04:19:53,2026-04-11 17:32:52,1,
ES-50064,NT-000928,2026-04-10 00:34:06,#ops-note-triage-urgent,1775781246.171171,OPEN,MD-205,2026-04-10 01:14:39,,1,
ES-50065,NT-000930,2026-04-11 06:10:19,#ops-note-triage,1775887819.218267,RESOLVED,MD-205,2026-04-11 08:05:47,2026-04-12 10:18:06,1,
ES-50066,NT-000950,2026-04-11 14:15:16,#ops-note-triage,1775916916.051266,RESOLVED,MD-204,2026-04-11 14:43:04,2026-04-12 08:50:09,1,
ES-50067,NT-000972,2026-04-11 11:56:00,#ops-note-triage-urgent,1775908560.043458,OPEN,MD-216,2026-04-11 12:46:54,,1,
ES-50068,NT-000974,2026-05-07 14:03:21,#ops-note-triage,,PENDING_POST,MD-204,,,1,slack_api:ratelimited (HTTP 429)
ES-50069,NT-000978,2026-04-10 02:22:09,#ops-note-triage,1775787729.794367,RESOLVED,MD-223,2026-04-10 02:36:28,2026-04-11 04:48:10,1,
ES-50070,NT-000982,2026-04-11 08:50:55,#ops-note-triage-urgent,1775897455.835558,RESOLVED,MD-204,2026-04-11 08:59:18,2026-04-11 18:11:42,1,
ES-50071,NT-000993,2026-04-09 15:41:14,#ops-note-triage,1775749274.565073,RESOLVED,MD-220,2026-04-09 16:34:17,2026-04-10 06:55:30,1,
ES-50072,NT-001051,2026-04-10 21:46:39,#ops-note-triage,1775857599.571777,RESOLVED,MD-215,2026-04-10 23:35:37,2026-04-11 23:15:25,1,
ES-50073,NT-001066,2026-04-13 01:42:20,#ops-note-triage-urgent,1776044540.846393,RESOLVED,MD-226,2026-04-13 02:50:09,2026-04-13 05:27:54,1,
ES-50074,NT-001067,2026-06-11 09:02:12,#ops-note-triage,,PENDING_POST,MD-215,,,1,slack_api:ratelimited (HTTP 429)
ES-50075,NT-001091,2026-04-11 13:08:13,#ops-note-triage,1775912893.121596,OPEN,MD-228,2026-04-11 13:42:07,,1,
ES-50076,NT-001099,2026-05-07 14:01:07,#ops-note-triage-urgent,,PENDING_POST,MD-201,,,1,slack_api:ratelimited (HTTP 429)
ES-50077,NT-001114,2026-04-13 16:47:19,#ops-note-triage,1776098839.199363,RESOLVED,MD-205,2026-04-13 17:34:17,2026-04-14 12:29:39,1,
ES-50078,NT-001124,2026-04-11 21:26:44,#ops-note-triage,1775942804.788520,RESOLVED,MD-210,2026-04-11 21:55:11,2026-04-12 04:00:04,1,
ES-50079,NT-001149,2026-04-13 13:05:25,#ops-note-triage-urgent,1776085525.263623,RESOLVED,MD-224,2026-04-13 13:28:07,2026-04-15 00:38:57,1,
ES-50080,NT-001151,2026-04-14 03:30:52,#ops-note-triage,1776137452.057701,RESOLVED,MD-215,2026-04-14 04:43:11,2026-04-14 11:58:26,1,
ES-50081,NT-001162,2026-04-14 08:18:32,#ops-note-triage,1776154712.941506,RESOLVED,MD-215,2026-04-14 08:58:45,2026-04-15 23:18:49,1,
ES-50082,NT-001165,2026-04-14 08:41:41,#ops-note-triage-urgent,1776156101.518202,RESOLVED,MD-230,2026-04-14 11:04:55,2026-04-15 19:43:00,1,
ES-50083,NT-001174,2026-04-14 05:15:44,#ops-note-triage,1776143744.267027,RESOLVED,MD-225,2026-04-14 05:31:34,2026-04-15 17:55:13,1,
ES-50084,NT-001193,2026-04-13 21:56:01,#ops-note-triage,1776117361.187340,RESOLVED,MD-212,2026-04-13 22:16:28,2026-04-14 16:17:30,1,
ES-50085,NT-001198,2026-04-15 22:20:43,#ops-note-triage-urgent,1776291643.594002,RESOLVED,MD-206,2026-04-15 22:45:24,2026-04-16 23:45:01,1,
ES-50086,NT-001201,2026-04-14 11:43:03,#ops-note-triage,1776166983.061151,RESOLVED,MD-204,2026-04-14 12:34:04,2026-04-15 22:45:27,1,
ES-50087,NT-001267,2026-04-15 02:33:21,#ops-note-triage,1776220401.551872,RESOLVED,MD-213,2026-04-15 03:41:01,2026-04-16 00:56:27,1,
ES-50088,NT-001278,2026-05-07 14:05:17,#ops-note-triage-urgent,,PENDING_POST,MD-217,,,1,slack_api:ratelimited (HTTP 429)
ES-50089,NT-001286,2026-04-16 09:00:06,#ops-note-triage,1776330006.367877,RESOLVED,MD-226,2026-04-16 10:20:42,2026-04-17 03:15:14,1,
ES-50090,NT-001290,2026-04-15 08:34:04,#ops-note-triage,1776242044.197602,RESOLVED,MD-229,2026-04-15 10:27:17,2026-04-15 15:15:36,1,
ES-50091,NT-001327,2026-04-17 22:59:25,#ops-note-triage-urgent,1776466765.566108,RESOLVED,MD-211,2026-04-17 23:45:43,2026-04-19 00:37:41,1,
ES-50092,NT-001334,2026-04-18 00:05:16,#ops-note-triage,1776470716.795241,OPEN,MD-208,2026-04-18 00:22:20,,1,
ES-50093,NT-001337,2026-04-17 07:14:44,#ops-note-triage,1776410084.709826,RESOLVED,MD-214,2026-04-17 08:02:35,2026-04-18 13:37:55,1,
ES-50094,NT-001339,2026-06-11 09:01:11,#ops-note-triage-urgent,,PENDING_POST,MD-232,,,1,slack_api:ratelimited (HTTP 429)
ES-50095,NT-001359,2026-04-16 08:21:50,#ops-note-triage,1776327710.766693,RESOLVED,MD-217,2026-04-16 08:57:48,2026-04-17 17:00:42,1,
ES-50096,NT-001373,2026-05-07 14:04:10,#ops-note-triage,,PENDING_POST,MD-210,,,1,slack_api:ratelimited (HTTP 429)
ES-50097,NT-001385,2026-04-16 21:14:11,#ops-note-triage-urgent,1776374051.424216,RESOLVED,MD-230,2026-04-16 21:24:13,2026-04-17 02:15:24,1,
ES-50098,NT-001388,2026-04-17 13:03:44,#ops-note-triage,1776431024.396678,RESOLVED,MD-216,2026-04-17 13:08:01,2026-04-17 15:55:40,1,
ES-50099,NT-001409,2026-04-18 16:49:02,#ops-note-triage,1776530942.099050,OPEN,MD-214,2026-04-18 17:13:33,,1,
ES-50100,NT-001440,2026-04-17 01:08:05,#ops-note-triage-urgent,1776388085.727862,OPEN,MD-221,2026-04-17 02:11:14,,1,
ES-50101,NT-001483,2026-04-18 13:33:38,#ops-note-triage,1776519218.292251,RESOLVED,MD-229,2026-04-18 13:57:20,2026-04-20 00:13:14,1,
ES-50102,NT-001504,2026-04-18 07:45:01,#ops-note-triage,1776498301.718972,OPEN,MD-210,2026-04-18 08:27:51,,1,
ES-50103,NT-001509,2026-04-20 06:33:29,#ops-note-triage-urgent,1776666809.822481,RESOLVED,MD-228,2026-04-20 06:53:30,2026-04-20 18:56:50,1,
ES-50104,NT-001555,2026-04-19 23:44:19,#ops-note-triage,1776642259.507068,OPEN,MD-225,2026-04-20 00:18:49,,1,
ES-50105,NT-001557,2026-04-21 04:55:16,#ops-note-triage,1776747316.654047,OPEN,MD-207,2026-04-21 05:11:36,,1,
ES-50106,NT-001558,2026-04-23 06:00:02,#ops-note-triage-urgent,1776924002.532066,RESOLVED,MD-229,2026-04-23 06:13:03,2026-04-23 22:48:52,1,
ES-50107,NT-001581,2026-04-23 03:16:54,#ops-note-triage,1776914214.294498,OPEN,MD-201,2026-04-23 04:06:04,,1,
ES-50108,NT-001606,2026-04-22 16:23:01,#ops-note-triage,1776874981.157788,RESOLVED,MD-229,2026-04-22 17:25:03,2026-04-22 23:00:20,1,
ES-50109,NT-001626,2026-04-21 21:59:26,#ops-note-triage-urgent,1776808766.746925,RESOLVED,MD-209,2026-04-21 22:10:32,2026-04-23 07:06:47,1,
ES-50110,NT-001645,2026-04-22 20:36:33,#ops-note-triage,1776890193.572982,OPEN,MD-211,2026-04-22 23:34:55,,1,
ES-50111,NT-001685,2026-04-23 18:40:47,#ops-note-triage,1776969647.856696,OPEN,MD-205,2026-04-23 18:46:55,,1,
ES-50112,NT-001689,2026-04-23 14:59:34,#ops-note-triage-urgent,1776956374.319151,OPEN,MD-218,2026-04-23 15:24:46,,1,
ES-50113,NT-001697,2026-04-22 06:14:44,#ops-note-triage,1776838484.739265,OPEN,MD-225,2026-04-22 06:45:37,,1,
ES-50114,NT-001710,2026-04-25 04:22:11,#ops-note-triage,1777090931.309332,RESOLVED,MD-234,2026-04-25 04:50:27,2026-04-25 22:33:10,1,
ES-50115,NT-001755,2026-04-25 00:45:28,#ops-note-triage-urgent,1777077928.245388,OPEN,MD-225,2026-04-25 01:48:40,,1,
ES-50116,NT-001767,2026-04-23 09:09:55,#ops-note-triage,1776935395.880276,OPEN,MD-233,2026-04-23 09:43:00,,1,
ES-50117,NT-001768,2026-04-24 00:51:54,#ops-note-triage,1776991914.945511,RESOLVED,MD-215,2026-04-24 06:22:32,2026-04-24 23:34:44,1,
ES-50118,NT-001781,2026-04-24 23:13:21,#ops-note-triage-urgent,1777072401.446454,RESOLVED,MD-228,2026-04-24 23:28:13,2026-04-26 05:29:41,1,
ES-50119,NT-001794,2026-04-25 10:11:00,#ops-note-triage,1777111860.108127,RESOLVED,MD-227,2026-04-25 10:56:06,2026-04-26 10:12:34,1,
ES-50120,NT-001802,2026-04-26 01:08:26,#ops-note-triage,1777165706.119957,OPEN,MD-215,2026-04-26 01:35:07,,1,
ES-50121,NT-001805,2026-04-26 04:03:45,#ops-note-triage-urgent,1777176225.927514,RESOLVED,MD-233,2026-04-26 05:00:05,2026-04-27 11:58:40,1,
ES-50122,NT-001812,2026-04-25 00:14:19,#ops-note-triage,1777076059.357157,OPEN,MD-203,2026-04-25 00:32:05,,1,
ES-50123,NT-001894,2026-04-26 15:42:44,#ops-note-triage,1777218164.829022,RESOLVED,MD-210,2026-04-26 16:05:13,2026-04-27 03:24:48,1,
ES-50124,NT-001907,2026-04-26 09:59:13,#ops-note-triage-urgent,1777197553.788975,RESOLVED,MD-217,2026-04-26 11:36:18,2026-04-26 23:29:38,1,
ES-50125,NT-001919,2026-04-26 10:58:03,#ops-note-triage,1777201083.432926,RESOLVED,MD-209,2026-04-26 11:35:15,2026-04-27 03:58:49,1,
ES-50126,NT-001939,2026-05-07 14:02:20,#ops-note-triage,,PENDING_POST,MD-210,,,1,slack_api:ratelimited (HTTP 429)
ES-50127,NT-001942,2026-04-24 19:25:05,#ops-note-triage-urgent,1777058705.125349,RESOLVED,MD-229,2026-04-24 19:41:27,2026-04-25 00:31:46,1,
ES-50128,NT-001973,2026-04-26 17:41:54,#ops-note-triage,1777225314.149667,OPEN,MD-229,2026-04-26 18:50:09,,1,
ES-50129,NT-001979,2026-04-27 13:10:08,#ops-note-triage,1777295408.587096,OPEN,MD-207,2026-04-27 14:04:28,,1,
ES-50130,NT-001996,2026-04-28 16:03:16,#ops-note-triage-urgent,1777392196.960321,RESOLVED,MD-213,2026-04-28 16:57:52,2026-04-29 03:09:07,1,
ES-50131,NT-002002,2026-04-29 01:02:47,#ops-note-triage,1777424567.165840,RESOLVED,MD-220,2026-04-29 01:55:47,2026-04-30 01:51:10,1,
ES-50132,NT-002054,2026-04-29 21:23:06,#ops-note-triage,1777497786.383579,OPEN,MD-202,2026-04-29 21:50:45,,1,
ES-50133,NT-002089,2026-04-29 22:37:39,#ops-note-triage-urgent,1777502259.238727,RESOLVED,MD-206,2026-04-29 23:27:29,2026-05-01 11:14:27,1,
ES-50134,NT-002093,2026-04-30 20:56:39,#ops-note-triage,1777582599.899007,RESOLVED,MD-201,2026-04-30 21:20:19,2026-05-01 17:32:29,1,
ES-50135,NT-002113,2026-04-29 18:09:57,#ops-note-triage,1777486197.186903,RESOLVED,MD-226,2026-04-29 19:04:13,2026-04-30 14:16:49,1,
ES-50136,NT-002121,2026-04-30 22:39:34,#ops-note-triage-urgent,1777588774.240082,RESOLVED,MD-234,2026-04-30 23:01:58,2026-05-02 08:11:11,1,
ES-50137,NT-002122,2026-05-07 14:01:49,#ops-note-triage,,PENDING_POST,MD-219,,,1,slack_api:ratelimited (HTTP 429)
ES-50138,NT-002141,2026-04-29 02:38:01,#ops-note-triage,1777430281.427745,RESOLVED,MD-213,2026-04-29 02:59:37,2026-04-29 07:31:47,1,
ES-50139,NT-002153,2026-04-29 23:02:53,#ops-note-triage-urgent,1777503773.755446,OPEN,MD-223,2026-04-29 23:19:24,,1,
ES-50140,NT-002158,2026-04-29 03:28:26,#ops-note-triage,1777433306.566530,RESOLVED,MD-233,2026-04-29 03:52:57,2026-04-30 18:50:57,1,
ES-50141,NT-002164,2026-06-11 09:03:33,#ops-note-triage,,PENDING_POST,MD-215,,,1,slack_api:ratelimited (HTTP 429)
ES-50142,NT-002174,2026-04-29 20:17:24,#ops-note-triage-urgent,1777493844.691539,RESOLVED,MD-234,2026-04-29 21:00:44,2026-05-01 00:06:01,1,
ES-50143,NT-002195,2026-04-30 04:35:22,#ops-note-triage,1777523722.664669,OPEN,MD-228,2026-04-30 05:06:48,,1,
ES-50144,NT-002204,2026-04-30 12:49:36,#ops-note-triage,1777553376.502395,OPEN,MD-226,2026-04-30 14:37:16,,1,
ES-50145,NT-002225,2026-05-01 14:35:25,#ops-note-triage-urgent,1777646125.490174,OPEN,MD-211,2026-05-01 15:10:38,,1,
ES-50146,NT-002237,2026-05-03 01:22:55,#ops-note-triage,1777771375.839986,RESOLVED,MD-215,2026-05-03 01:48:03,2026-05-03 15:57:35,1,
ES-50147,NT-002238,2026-05-02 15:33:32,#ops-note-triage,1777736012.459506,RESOLVED,MD-204,2026-05-02 16:21:23,2026-05-04 02:41:01,1,
ES-50148,NT-002259,2026-05-01 04:36:00,#ops-note-triage-urgent,1777610160.249822,RESOLVED,MD-224,2026-05-01 05:38:00,2026-05-02 06:27:37,1,
ES-50149,NT-002263,2026-05-02 12:15:51,#ops-note-triage,1777724151.430740,RESOLVED,MD-227,2026-05-02 12:52:31,2026-05-02 15:40:04,1,
ES-50150,NT-002266,2026-05-03 02:35:54,#ops-note-triage,1777775754.851819,OPEN,MD-231,2026-05-03 03:22:20,,1,
ES-50151,NT-002302,2026-04-30 17:20:05,#ops-note-triage-urgent,1777569605.062198,RESOLVED,MD-228,2026-04-30 18:19:54,2026-05-02 07:44:37,1,
ES-50152,NT-002337,2026-05-01 21:53:02,#ops-note-triage,1777672382.403777,OPEN,MD-220,2026-05-01 22:10:49,,1,
ES-50153,NT-002339,2026-05-07 14:03:03,#ops-note-triage,,PENDING_POST,MD-213,,,1,slack_api:ratelimited (HTTP 429)
ES-50154,NT-002342,2026-05-04 06:41:44,#ops-note-triage-urgent,1777876904.025620,RESOLVED,MD-233,2026-05-04 08:46:58,2026-05-04 21:18:29,1,
ES-50155,NT-002364,2026-05-02 19:10:18,#ops-note-triage,1777749018.506610,RESOLVED,MD-231,2026-05-02 19:41:09,2026-05-04 03:03:25,1,
ES-50156,NT-002372,2026-05-04 10:50:40,#ops-note-triage,1777891840.680499,RESOLVED,MD-201,2026-05-04 12:01:57,2026-05-05 22:16:49,1,
ES-50157,NT-002382,2026-05-02 22:29:39,#ops-note-triage-urgent,1777760979.396690,RESOLVED,MD-202,2026-05-02 22:43:08,2026-05-04 09:53:03,1,
ES-50158,NT-002388,2026-05-04 02:00:07,#ops-note-triage,1777860007.221761,OPEN,MD-225,2026-05-04 03:19:26,,1,
ES-50159,NT-002389,2026-06-11 09:03:28,#ops-note-triage,,PENDING_POST,MD-218,,,1,slack_api:ratelimited (HTTP 429)
ES-50160,NT-002394,2026-05-04 04:13:29,#ops-note-triage-urgent,1777868009.187648,RESOLVED,MD-211,2026-05-04 04:43:49,2026-05-04 09:03:17,1,
ES-50161,NT-002395,2026-05-02 16:01:30,#ops-note-triage,1777737690.800430,OPEN,MD-225,2026-05-02 16:38:21,,1,
ES-50162,NT-002403,2026-05-04 15:34:32,#ops-note-triage,1777908872.940143,RESOLVED,MD-206,2026-05-04 16:03:22,2026-05-06 01:46:17,1,
ES-50163,NT-002408,2026-05-04 08:55:32,#ops-note-triage-urgent,1777884932.214858,RESOLVED,MD-225,2026-05-04 09:41:57,2026-05-05 07:49:49,1,
ES-50164,NT-002428,2026-05-04 07:35:39,#ops-note-triage,1777880139.322719,RESOLVED,MD-201,2026-05-04 08:01:06,2026-05-05 09:22:58,1,
ES-50165,NT-002437,2026-05-07 14:00:42,#ops-note-triage,,PENDING_POST,MD-228,,,1,slack_api:ratelimited (HTTP 429)
ES-50166,NT-002444,2026-05-05 14:10:09,#ops-note-triage-urgent,1777990209.762513,RESOLVED,MD-208,2026-05-05 14:25:18,2026-05-05 20:47:30,1,
ES-50167,NT-002455,2026-05-06 02:56:33,#ops-note-triage,1778036193.490356,RESOLVED,MD-218,2026-05-06 03:10:27,2026-05-07 14:07:13,1,
ES-50168,NT-002472,2026-05-06 02:06:37,#ops-note-triage,1778033197.243726,RESOLVED,MD-230,2026-05-06 02:24:47,2026-05-06 19:10:46,1,
ES-50169,NT-002480,2026-05-06 22:40:22,#ops-note-triage-urgent,1778107222.666646,RESOLVED,MD-228,2026-05-07 00:47:22,2026-05-08 04:08:44,1,
ES-50170,NT-002497,2026-05-05 00:12:25,#ops-note-triage,1777939945.081419,OPEN,MD-210,2026-05-05 00:50:48,,1,
ES-50171,NT-002524,2026-05-05 11:04:29,#ops-note-triage,1777979069.897583,RESOLVED,MD-206,2026-05-05 11:45:08,2026-05-05 20:57:58,1,
ES-50172,NT-002595,2026-05-07 12:56:21,#ops-note-triage-urgent,1778158581.566795,OPEN,MD-201,2026-05-07 15:22:32,,1,
ES-50173,NT-002603,2026-05-07 17:01:21,#ops-note-triage,1778173281.125173,RESOLVED,MD-222,2026-05-07 18:26:30,2026-05-08 09:59:09,1,
ES-50174,NT-002610,2026-05-07 18:27:39,#ops-note-triage,1778178459.470221,RESOLVED,MD-212,2026-05-07 19:45:19,2026-05-09 03:18:28,1,
ES-50175,NT-002626,2026-06-11 09:04:39,#ops-note-triage-urgent,,PENDING_POST,MD-220,,,1,slack_api:ratelimited (HTTP 429)
ES-50176,NT-002627,2026-05-09 06:40:50,#ops-note-triage,1778308850.736637,RESOLVED,MD-206,2026-05-09 07:12:51,2026-05-09 21:35:57,1,
ES-50177,NT-002659,2026-05-08 13:41:20,#ops-note-triage,1778247680.189420,RESOLVED,MD-222,2026-05-08 13:57:22,2026-05-09 19:41:37,1,
ES-50178,NT-002662,2026-05-09 13:48:05,#ops-note-triage-urgent,1778334485.529269,RESOLVED,MD-208,2026-05-09 15:37:56,2026-05-10 11:51:08,1,
ES-50179,NT-002689,2026-05-09 16:04:48,#ops-note-triage,1778342688.457391,RESOLVED,MD-201,2026-05-09 16:20:02,2026-05-09 22:48:14,1,
ES-50180,NT-002742,2026-05-09 05:31:06,#ops-note-triage,1778304666.788203,RESOLVED,MD-218,2026-05-09 06:36:56,2026-05-09 19:15:08,1,
ES-50181,NT-002743,2026-05-10 05:56:46,#ops-note-triage-urgent,1778392606.287298,RESOLVED,MD-211,2026-05-10 06:11:09,2026-05-11 18:55:24,1,
ES-50182,NT-002747,2026-05-10 18:39:15,#ops-note-triage,1778438355.881918,RESOLVED,MD-230,2026-05-10 19:28:07,2026-05-12 05:13:09,1,
ES-50183,NT-002764,2026-05-09 06:57:14,#ops-note-triage,1778309834.657026,OPEN,MD-201,2026-05-09 09:12:07,,1,
ES-50184,NT-002779,2026-05-10 00:15:08,#ops-note-triage-urgent,1778372108.000505,RESOLVED,MD-201,2026-05-10 01:34:03,2026-05-10 02:14:49,1,
ES-50185,NT-002790,2026-05-09 18:58:34,#ops-note-triage,1778353114.419409,RESOLVED,MD-213,2026-05-09 19:42:27,2026-05-11 05:06:33,1,
ES-50186,NT-002794,2026-05-10 13:21:52,#ops-note-triage,1778419312.932052,RESOLVED,MD-202,2026-05-10 13:46:46,2026-05-11 02:04:13,1,
ES-50187,NT-002802,2026-05-09 22:03:47,#ops-note-triage-urgent,1778364227.869347,RESOLVED,MD-211,2026-05-10 00:12:03,2026-05-10 09:15:58,1,
ES-50188,NT-002805,2026-05-09 08:02:25,#ops-note-triage,1778313745.523120,RESOLVED,MD-229,2026-05-09 09:08:44,2026-05-10 09:35:20,1,
ES-50189,NT-002818,2026-06-11 09:01:01,#ops-note-triage,,PENDING_POST,MD-220,,,1,slack_api:ratelimited (HTTP 429)
ES-50190,NT-002820,2026-05-10 05:39:50,#ops-note-triage-urgent,1778391590.116319,RESOLVED,MD-234,2026-05-10 07:16:01,2026-05-11 09:19:10,1,
ES-50191,NT-002827,2026-05-10 17:26:42,#ops-note-triage,1778434002.338624,RESOLVED,MD-223,2026-05-10 18:40:28,2026-05-11 21:19:57,1,
ES-50192,NT-002839,2026-05-11 18:17:57,#ops-note-triage,1778523477.146756,OPEN,MD-209,2026-05-11 18:25:58,,1,
ES-50193,NT-002851,2026-05-12 17:58:08,#ops-note-triage-urgent,1778608688.253696,RESOLVED,MD-229,2026-05-12 18:29:28,2026-05-13 19:18:59,1,
ES-50194,NT-002860,2026-05-12 03:15:00,#ops-note-triage,1778555700.868812,RESOLVED,MD-210,2026-05-12 04:19:09,2026-05-13 00:55:18,1,
ES-50195,NT-002882,2026-06-11 09:02:07,#ops-note-triage,,PENDING_POST,MD-226,,,1,slack_api:ratelimited (HTTP 429)
ES-50196,NT-002899,2026-05-12 06:07:16,#ops-note-triage-urgent,1778566036.770730,RESOLVED,MD-201,2026-05-12 06:46:59,2026-05-13 04:24:23,1,
ES-50197,NT-002904,2026-05-12 19:15:34,#ops-note-triage,1778613334.397730,OPEN,MD-213,2026-05-12 20:36:23,,1,
ES-50198,NT-002912,2026-05-13 01:36:51,#ops-note-triage,1778636211.057836,RESOLVED,MD-218,2026-05-13 03:35:53,2026-05-13 11:52:56,1,
ES-50199,NT-002915,2026-05-13 06:59:14,#ops-note-triage-urgent,1778655554.855550,RESOLVED,MD-224,2026-05-13 08:43:47,2026-05-13 20:30:00,1,
ES-50200,NT-002989,2026-05-14 01:46:10,#ops-note-triage,1778723170.901301,OPEN,MD-228,2026-05-14 01:52:36,,1,
ES-50201,NT-002999,2026-05-12 22:25:03,#ops-note-triage,1778624703.115660,RESOLVED,MD-219,2026-05-12 22:38:52,2026-05-13 03:34:01,1,
ES-50202,NT-003028,2026-05-14 19:17:02,#ops-note-triage-urgent,1778786222.257413,RESOLVED,MD-210,2026-05-14 19:38:02,2026-05-16 01:48:28,1,
ES-50203,NT-003035,2026-05-13 16:44:53,#ops-note-triage,1778690693.763152,RESOLVED,MD-216,2026-05-13 17:27:03,2026-05-15 04:06:55,1,
ES-50204,NT-003071,2026-05-14 20:18:59,#ops-note-triage,1778789939.968247,RESOLVED,MD-209,2026-05-14 21:21:20,2026-05-16 04:31:14,1,
ES-50205,NT-003087,2026-06-11 09:00:55,#ops-note-triage-urgent,,PENDING_POST,MD-216,,,1,slack_api:ratelimited (HTTP 429)
ES-50206,NT-003101,2026-05-16 18:32:40,#ops-note-triage,1778956360.300122,OPEN,MD-222,2026-05-16 20:27:41,,1,
ES-50207,NT-003108,2026-05-16 14:57:13,#ops-note-triage,1778943433.856916,RESOLVED,MD-234,2026-05-16 15:35:52,2026-05-17 22:06:04,1,
ES-50208,NT-003110,2026-05-15 13:40:11,#ops-note-triage-urgent,1778852411.395928,RESOLVED,MD-224,2026-05-15 14:18:10,2026-05-16 06:37:46,1,
ES-50209,NT-003135,2026-05-16 23:39:28,#ops-note-triage,1778974768.050375,RESOLVED,MD-217,2026-05-16 23:58:30,2026-05-17 18:16:43,1,
ES-50210,NT-003176,2026-05-16 23:23:32,#ops-note-triage,1778973812.194940,RESOLVED,MD-232,2026-05-17 00:22:07,2026-05-18 00:00:53,1,
ES-50211,NT-003179,2026-05-16 02:37:07,#ops-note-triage-urgent,1778899027.006137,RESOLVED,MD-218,2026-05-16 02:55:12,2026-05-16 07:59:35,1,
ES-50212,NT-003186,2026-05-16 10:56:50,#ops-note-triage,1778929010.098985,RESOLVED,MD-214,2026-05-16 11:41:14,2026-05-17 07:40:23,1,
ES-50213,NT-003191,2026-05-16 05:07:19,#ops-note-triage,1778908039.588809,RESOLVED,MD-226,2026-05-16 05:41:20,2026-05-16 16:17:28,1,
ES-50214,NT-003192,2026-05-18 05:20:30,#ops-note-triage-urgent,1779081630.087822,OPEN,MD-232,2026-05-18 05:41:09,,1,
ES-50215,NT-003193,2026-05-16 00:53:15,#ops-note-triage,1778892795.731460,RESOLVED,MD-231,2026-05-16 02:28:58,2026-05-17 08:20:15,1,
ES-50216,NT-003216,2026-05-18 11:07:52,#ops-note-triage,1779102472.987644,RESOLVED,MD-210,2026-05-18 11:23:26,2026-05-19 22:52:42,1,
ES-50217,NT-003222,2026-05-16 23:40:03,#ops-note-triage-urgent,1778974803.258890,RESOLVED,MD-230,2026-05-17 00:47:50,2026-05-18 02:48:19,1,
ES-50218,NT-003240,2026-05-17 21:08:27,#ops-note-triage,1779052107.944626,RESOLVED,MD-228,2026-05-17 21:55:41,2026-05-18 14:23:09,1,
ES-50219,NT-003250,2026-05-18 13:49:32,#ops-note-triage,1779112172.089664,RESOLVED,MD-227,2026-05-18 17:01:53,2026-05-18 23:49:12,1,
ES-50220,NT-003269,2026-05-07 14:04:28,#ops-note-triage-urgent,,PENDING_POST,MD-207,,,1,slack_api:ratelimited (HTTP 429)
ES-50221,NT-003272,2026-05-18 16:46:15,#ops-note-triage,1779122775.915063,RESOLVED,MD-225,2026-05-18 17:11:48,2026-05-19 18:02:41,1,
ES-50222,NT-003275,2026-05-17 16:47:45,#ops-note-triage,1779036465.308477,RESOLVED,MD-217,2026-05-17 18:31:40,2026-05-18 15:33:04,1,
ES-50223,NT-003308,2026-05-18 16:39:35,#ops-note-triage-urgent,1779122375.051438,RESOLVED,MD-209,2026-05-18 16:51:43,2026-05-19 05:34:34,1,
ES-50224,NT-003311,2026-05-19 17:54:02,#ops-note-triage,1779213242.047256,RESOLVED,MD-219,2026-05-19 18:26:46,2026-05-20 01:35:55,1,
ES-50225,NT-003315,2026-05-19 18:37:34,#ops-note-triage,1779215854.128369,RESOLVED,MD-218,2026-05-19 18:59:15,2026-05-20 05:58:38,1,
ES-50226,NT-003319,2026-05-20 06:13:16,#ops-note-triage-urgent,1779257596.520383,RESOLVED,MD-225,2026-05-20 06:42:43,2026-05-21 22:28:22,1,
ES-50227,NT-003322,2026-05-21 00:30:47,#ops-note-triage,1779323447.414565,RESOLVED,MD-205,2026-05-21 01:15:12,2026-05-22 03:13:36,1,
ES-50228,NT-003334,2026-05-19 19:13:57,#ops-note-triage,1779218037.697192,RESOLVED,MD-231,2026-05-19 19:29:20,2026-05-20 07:31:03,1,
ES-50229,NT-003358,2026-05-21 16:28:46,#ops-note-triage-urgent,1779380926.724077,OPEN,MD-233,2026-05-21 17:32:15,,1,
ES-50230,NT-003364,2026-05-21 06:44:38,#ops-note-triage,1779345878.185886,OPEN,MD-229,2026-05-21 08:19:08,,1,
ES-50231,NT-003376,2026-05-21 03:00:15,#ops-note-triage,1779332415.775906,OPEN,MD-227,2026-05-21 05:40:32,,1,
ES-50232,NT-003396,2026-05-21 01:12:38,#ops-note-triage-urgent,1779325958.186604,RESOLVED,MD-209,2026-05-21 01:40:32,2026-05-22 17:18:52,1,
ES-50233,NT-003404,2026-05-07 14:01:31,#ops-note-triage,,PENDING_POST,MD-207,,,1,slack_api:ratelimited (HTTP 429)
ES-50234,NT-003412,2026-05-21 09:07:28,#ops-note-triage,1779354448.726456,OPEN,MD-209,2026-05-21 09:43:56,,1,
ES-50235,NT-003432,2026-05-20 03:42:52,#ops-note-triage-urgent,1779248572.549059,RESOLVED,MD-211,2026-05-20 03:58:26,2026-05-21 06:06:58,1,
ES-50236,NT-003439,2026-05-22 12:34:18,#ops-note-triage,1779453258.949328,RESOLVED,MD-214,2026-05-22 12:59:47,2026-05-22 15:00:35,1,
ES-50237,NT-003440,2026-05-20 03:53:16,#ops-note-triage,1779249196.751306,RESOLVED,MD-225,2026-05-20 05:13:33,2026-05-21 12:44:18,1,
ES-50238,NT-003453,2026-05-21 13:02:18,#ops-note-triage-urgent,1779368538.855675,OPEN,MD-233,2026-05-21 13:15:17,,1,
ES-50239,NT-003455,2026-05-21 09:20:35,#ops-note-triage,1779355235.008556,OPEN,MD-228,2026-05-21 11:04:29,,1,
ES-50240,NT-003459,2026-05-21 11:16:39,#ops-note-triage,1779362199.135182,RESOLVED,MD-227,2026-05-21 12:22:02,2026-05-22 07:35:09,1,
ES-50241,NT-003461,2026-05-23 04:50:36,#ops-note-triage-urgent,1779511836.130329,RESOLVED,MD-209,2026-05-23 05:34:57,2026-05-23 17:30:18,1,
ES-50242,NT-003475,2026-05-21 08:01:40,#ops-note-triage,1779350500.580861,OPEN,MD-208,2026-05-21 10:08:51,,1,
ES-50243,NT-003476,2026-05-22 18:04:55,#ops-note-triage,1779473095.759999,RESOLVED,MD-203,2026-05-22 18:38:33,2026-05-23 00:18:26,1,
ES-50244,NT-003486,2026-05-23 09:23:09,#ops-note-triage-urgent,1779528189.863840,OPEN,MD-202,2026-05-23 10:39:29,,1,
ES-50245,NT-003493,2026-05-22 19:01:37,#ops-note-triage,1779476497.846688,RESOLVED,MD-210,2026-05-22 19:49:33,2026-05-23 11:22:44,1,
ES-50246,NT-003496,2026-05-22 05:38:32,#ops-note-triage,1779428312.489315,RESOLVED,MD-217,2026-05-22 06:12:00,2026-05-22 22:16:56,1,
ES-50247,NT-003501,2026-05-21 14:45:57,#ops-note-triage-urgent,1779374757.774902,RESOLVED,MD-219,2026-05-21 15:34:43,2026-05-22 21:28:23,1,
ES-50248,NT-003530,2026-05-21 21:12:30,#ops-note-triage,1779397950.708146,RESOLVED,MD-210,2026-05-21 21:55:52,2026-05-23 09:15:22,1,
ES-50249,NT-003546,2026-05-22 14:31:54,#ops-note-triage,1779460314.594348,RESOLVED,MD-213,2026-05-22 15:22:34,2026-05-23 09:22:47,1,
ES-50250,NT-003562,2026-05-23 01:00:13,#ops-note-triage-urgent,1779498013.415645,RESOLVED,MD-209,2026-05-23 02:36:49,2026-05-23 05:55:59,1,
ES-50251,NT-003565,2026-05-22 01:03:24,#ops-note-triage,1779411804.447290,RESOLVED,MD-224,2026-05-22 01:34:52,2026-05-22 17:55:51,1,
ES-50252,NT-003573,2026-05-23 19:29:50,#ops-note-triage,1779564590.818370,OPEN,MD-227,2026-05-23 20:48:02,,1,
ES-50253,NT-003586,2026-05-24 10:58:42,#ops-note-triage-urgent,1779620322.628969,RESOLVED,MD-221,2026-05-24 12:15:31,2026-05-25 06:45:36,1,
ES-50254,NT-003591,2026-05-24 10:40:24,#ops-note-triage,1779619224.770431,RESOLVED,MD-233,2026-05-24 10:54:59,2026-05-25 14:49:12,1,
ES-50255,NT-003592,2026-05-24 07:38:48,#ops-note-triage,1779608328.239027,OPEN,MD-214,2026-05-24 07:57:39,,1,
ES-50256,NT-003604,2026-05-24 14:29:11,#ops-note-triage-urgent,1779632951.354227,RESOLVED,MD-210,2026-05-24 15:06:32,2026-05-25 01:38:45,1,
ES-50257,NT-003611,2026-05-25 00:32:22,#ops-note-triage,1779669142.554441,RESOLVED,MD-225,2026-05-25 01:20:21,2026-05-25 14:03:28,1,
ES-50258,NT-003622,2026-05-24 19:11:48,#ops-note-triage,1779649908.015850,RESOLVED,MD-205,2026-05-24 19:43:09,2026-05-26 07:00:52,1,
ES-50259,NT-003628,2026-05-25 01:12:18,#ops-note-triage-urgent,1779671538.974230,RESOLVED,MD-202,2026-05-25 01:34:57,2026-05-25 07:00:43,1,
ES-50260,NT-003639,2026-05-24 15:22:36,#ops-note-triage,1779636156.691776,OPEN,MD-231,2026-05-24 15:47:09,,1,
ES-50261,NT-003656,2026-05-24 15:28:52,#ops-note-triage,1779636532.618950,RESOLVED,MD-224,2026-05-24 15:56:50,2026-05-25 11:12:17,1,
ES-50262,NT-003660,2026-05-24 01:49:03,#ops-note-triage-urgent,1779587343.082702,RESOLVED,MD-209,2026-05-24 02:24:41,2026-05-25 01:10:26,1,
ES-50263,NT-003672,2026-05-26 01:32:29,#ops-note-triage,1779759149.348629,RESOLVED,MD-202,2026-05-26 01:49:04,2026-05-26 04:01:44,1,
ES-50264,NT-003676,2026-05-26 01:13:22,#ops-note-triage,1779758002.019720,RESOLVED,MD-220,2026-05-26 01:35:20,2026-05-26 13:02:13,1,
ES-50265,NT-003680,2026-05-25 16:23:23,#ops-note-triage-urgent,1779726203.613974,OPEN,MD-209,2026-05-25 17:12:50,,1,
ES-50266,NT-003682,2026-05-25 19:46:12,#ops-note-triage,1779738372.134583,RESOLVED,MD-226,2026-05-25 19:56:53,2026-05-27 02:00:52,1,
ES-50267,NT-003684,2026-05-27 04:59:03,#ops-note-triage,1779857943.369261,RESOLVED,MD-232,2026-05-27 07:23:52,2026-05-28 14:51:00,1,
ES-50268,NT-003703,2026-05-25 12:58:42,#ops-note-triage-urgent,1779713922.498042,RESOLVED,MD-228,2026-05-25 14:28:45,2026-05-27 05:38:30,1,
ES-50269,NT-003712,2026-05-25 19:48:13,#ops-note-triage,1779738493.253459,RESOLVED,MD-224,2026-05-25 20:15:30,2026-05-26 07:07:27,1,
ES-50270,NT-003725,2026-05-29 02:28:41,#ops-note-triage,1780021721.558388,RESOLVED,MD-224,2026-05-29 07:37:34,2026-05-29 20:01:44,1,
ES-50271,NT-003733,2026-05-28 11:17:42,#ops-note-triage-urgent,1779967062.119055,RESOLVED,MD-215,2026-05-28 11:39:51,2026-05-30 02:14:37,1,
ES-50272,NT-003734,2026-05-28 22:00:10,#ops-note-triage,1780005610.642488,OPEN,MD-230,2026-05-28 23:52:48,,1,
ES-50273,NT-003745,2026-06-11 09:02:17,#ops-note-triage,,PENDING_POST,MD-206,,,1,slack_api:ratelimited (HTTP 429)
ES-50274,NT-003748,2026-05-28 23:59:58,#ops-note-triage-urgent,1780012798.379393,RESOLVED,MD-229,2026-05-29 00:34:17,2026-05-29 14:09:49,1,
ES-50275,NT-003754,2026-05-27 07:28:06,#ops-note-triage,1779866886.270198,RESOLVED,MD-221,2026-05-27 07:59:50,2026-05-28 21:56:54,1,
ES-50276,NT-003784,2026-05-28 12:17:24,#ops-note-triage,1779970644.157948,RESOLVED,MD-227,2026-05-28 13:09:42,2026-05-28 18:07:24,1,
ES-50277,NT-003791,2026-05-27 16:31:30,#ops-note-triage-urgent,1779899490.469690,RESOLVED,MD-213,2026-05-27 16:48:47,2026-05-28 15:27:23,1,
ES-50278,NT-003803,2026-05-28 03:43:53,#ops-note-triage,1779939833.245041,OPEN,MD-232,2026-05-28 03:52:52,,1,
ES-50279,NT-003819,2026-05-29 17:04:12,#ops-note-triage,1780074252.711625,OPEN,MD-202,2026-05-29 17:43:29,,1,
ES-50280,NT-003839,2026-05-29 23:41:25,#ops-note-triage-urgent,1780098085.731763,OPEN,MD-207,2026-05-30 00:24:52,,1,
ES-50281,NT-003853,2026-05-30 06:53:18,#ops-note-triage,1780123998.714140,RESOLVED,MD-201,2026-05-30 07:24:08,2026-05-30 14:34:11,1,
ES-50282,NT-003856,2026-05-30 06:20:13,#ops-note-triage,1780122013.590327,RESOLVED,MD-215,2026-05-30 06:50:39,2026-05-31 08:49:44,1,
ES-50283,NT-003859,2026-05-27 14:19:57,#ops-note-triage-urgent,1779891597.176446,OPEN,MD-211,2026-05-27 15:02:24,,1,
ES-50284,NT-003865,2026-05-27 22:40:14,#ops-note-triage,1779921614.004619,RESOLVED,MD-223,2026-05-27 23:01:15,2026-05-28 14:10:02,1,
ES-50285,NT-003881,2026-05-29 23:54:18,#ops-note-triage,1780098858.277889,RESOLVED,MD-218,2026-05-30 00:26:02,2026-05-31 01:44:49,1,
ES-50286,NT-003883,2026-05-28 18:30:31,#ops-note-triage-urgent,1779993031.756904,OPEN,MD-224,2026-05-28 19:36:30,,1,
ES-50287,NT-003892,2026-05-28 03:59:55,#ops-note-triage,1779940795.384896,RESOLVED,MD-216,2026-05-28 04:45:55,2026-05-28 10:14:26,1,
ES-50288,NT-003895,2026-05-29 07:46:32,#ops-note-triage,1780040792.255215,RESOLVED,MD-218,2026-05-29 07:58:18,2026-05-30 16:41:21,1,
ES-50289,NT-003904,2026-05-29 04:05:59,#ops-note-triage-urgent,1780027559.893752,RESOLVED,MD-229,2026-05-29 04:56:21,2026-05-30 12:39:23,1,
ES-50290,NT-003908,2026-05-28 22:28:48,#ops-note-triage,1780007328.870262,RESOLVED,MD-203,2026-05-28 22:43:21,2026-05-29 16:29:45,1,
ES-50291,NT-003910,2026-05-30 14:06:17,#ops-note-triage,1780149977.187244,RESOLVED,MD-206,2026-05-30 15:50:33,2026-05-31 16:31:49,1,
ES-50292,NT-003930,2026-05-29 02:07:29,#ops-note-triage-urgent,1780020449.071162,RESOLVED,MD-217,2026-05-29 05:37:00,2026-05-30 06:07:10,1,
ES-50293,NT-003942,2026-05-29 02:17:22,#ops-note-triage,1780021042.298587,RESOLVED,MD-227,2026-05-29 03:36:44,2026-05-30 15:54:33,1,
ES-50294,NT-003946,2026-05-29 11:54:27,#ops-note-triage,1780055667.267032,OPEN,MD-231,2026-05-29 12:24:56,,1,
ES-50295,NT-003957,2026-05-29 05:13:46,#ops-note-triage-urgent,1780031626.432818,RESOLVED,MD-220,2026-05-29 05:57:47,2026-05-30 05:19:48,1,
ES-50296,NT-003970,2026-05-30 14:33:52,#ops-note-triage,1780151632.007657,RESOLVED,MD-201,2026-05-30 14:44:05,2026-06-01 03:16:17,1,
ES-50297,NT-003978,2026-05-28 18:26:07,#ops-note-triage,1779992767.678949,OPEN,MD-228,2026-05-28 19:04:46,,1,
ES-50298,NT-003996,2026-05-31 17:12:40,#ops-note-triage-urgent,1780247560.909591,OPEN,MD-232,2026-05-31 17:46:54,,1,
ES-50299,NT-003997,2026-06-01 00:15:23,#ops-note-triage,1780272923.053421,RESOLVED,MD-221,2026-06-01 02:44:11,2026-06-02 03:12:29,1,
ES-50300,NT-004006,2026-05-31 06:45:39,#ops-note-triage,1780209939.296663,RESOLVED,MD-234,2026-05-31 07:31:13,2026-06-01 20:47:15,1,
ES-50301,NT-004017,2026-06-01 10:41:11,#ops-note-triage-urgent,1780310471.476248,RESOLVED,MD-234,2026-06-01 11:14:33,2026-06-02 12:42:04,1,
ES-50302,NT-004018,2026-05-31 21:29:16,#ops-note-triage,1780262956.446217,RESOLVED,MD-222,2026-05-31 22:39:39,2026-06-01 05:54:53,1,
ES-50303,NT-004031,2026-05-31 02:42:56,#ops-note-triage,1780195376.176111,RESOLVED,MD-225,2026-05-31 02:57:37,2026-05-31 14:11:14,1,
ES-50304,NT-004037,2026-05-31 13:59:38,#ops-note-triage-urgent,1780235978.372261,RESOLVED,MD-233,2026-05-31 14:06:21,2026-05-31 14:32:18,1,
ES-50305,NT-004051,2026-05-30 20:08:08,#ops-note-triage,1780171688.225149,RESOLVED,MD-204,2026-05-30 20:32:06,2026-06-01 00:27:32,1,
ES-50306,NT-004056,2026-05-30 20:36:23,#ops-note-triage,1780173383.893422,RESOLVED,MD-230,2026-05-30 20:59:11,2026-05-31 18:38:34,1,
ES-50307,NT-004060,2026-06-01 15:23:52,#ops-note-triage-urgent,1780327432.927806,RESOLVED,MD-215,2026-06-01 16:03:56,2026-06-02 20:15:11,1,
ES-50308,NT-004063,2026-06-01 12:32:59,#ops-note-triage,1780317179.149886,RESOLVED,MD-233,2026-06-01 12:52:38,2026-06-03 02:43:08,1,
ES-50309,NT-004074,2026-06-11 09:01:06,#ops-note-triage,,PENDING_POST,MD-224,,,1,slack_api:ratelimited (HTTP 429)
ES-50310,NT-004078,2026-06-01 00:28:55,#ops-note-triage-urgent,1780273735.335141,RESOLVED,MD-207,2026-06-01 02:32:14,2026-06-01 04:52:17,1,
ES-50311,NT-004079,2026-06-01 13:39:47,#ops-note-triage,1780321187.650150,RESOLVED,MD-227,2026-06-01 14:58:05,2026-06-01 18:15:49,1,
ES-50312,NT-004089,2026-06-01 06:30:47,#ops-note-triage,1780295447.986705,RESOLVED,MD-202,2026-06-01 07:37:06,2026-06-01 17:34:45,1,
ES-50313,NT-004099,2026-06-01 08:49:04,#ops-note-triage-urgent,1780303744.048412,OPEN,MD-203,2026-06-01 09:12:07,,1,
ES-50314,NT-004105,2026-06-02 17:35:41,#ops-note-triage,1780421741.657631,RESOLVED,MD-212,2026-06-02 17:58:05,2026-06-03 07:19:35,1,
ES-50315,NT-004111,2026-06-03 03:26:38,#ops-note-triage,1780457198.945433,RESOLVED,MD-220,2026-06-03 04:21:17,2026-06-04 16:27:24,1,
ES-50316,NT-004124,2026-06-03 12:09:25,#ops-note-triage-urgent,1780488565.819885,RESOLVED,MD-216,2026-06-03 13:04:23,2026-06-04 05:35:56,1,
ES-50317,NT-004139,2026-05-07 14:02:56,#ops-note-triage,,PENDING_POST,MD-205,,,1,slack_api:ratelimited (HTTP 429)
ES-50318,NT-004160,2026-06-03 06:56:53,#ops-note-triage,1780469813.143071,RESOLVED,MD-204,2026-06-03 07:12:34,2026-06-03 10:06:23,1,
ES-50319,NT-004172,2026-06-02 09:20:35,#ops-note-triage-urgent,1780392035.246387,RESOLVED,MD-210,2026-06-02 11:07:00,2026-06-03 09:34:43,1,
ES-50320,NT-004182,2026-06-04 19:43:59,#ops-note-triage,1780602239.779762,RESOLVED,MD-207,2026-06-04 19:58:14,2026-06-05 01:32:21,1,
ES-50321,NT-004185,2026-06-03 00:06:39,#ops-note-triage,1780445199.130141,RESOLVED,MD-215,2026-06-03 00:23:05,2026-06-03 15:17:23,1,
ES-50322,NT-004201,2026-06-03 08:50:27,#ops-note-triage-urgent,1780476627.023918,RESOLVED,MD-231,2026-06-03 09:19:26,2026-06-03 15:24:11,1,
ES-50323,NT-004207,2026-06-04 20:27:46,#ops-note-triage,1780604866.021885,OPEN,MD-205,2026-06-04 21:16:20,,1,
ES-50324,NT-004238,2026-06-05 05:30:37,#ops-note-triage,1780637437.084214,OPEN,MD-216,2026-06-05 05:56:44,,1,
ES-50325,NT-004248,2026-06-04 23:36:27,#ops-note-triage-urgent,1780616187.740295,RESOLVED,MD-216,2026-06-05 00:07:22,2026-06-05 10:10:36,1,
ES-50326,NT-004249,2026-06-03 22:23:00,#ops-note-triage,1780525380.696255,OPEN,MD-204,2026-06-04 00:32:37,,1,
ES-50327,NT-004254,2026-06-06 02:36:38,#ops-note-triage,1780713398.246273,RESOLVED,MD-205,2026-06-06 02:54:00,2026-06-06 22:48:30,1,
ES-50328,NT-004256,2026-06-05 04:51:18,#ops-note-triage-urgent,1780635078.323656,RESOLVED,MD-227,2026-06-05 05:23:19,2026-06-06 14:41:09,1,
ES-50329,NT-004264,2026-06-04 09:21:42,#ops-note-triage,1780564902.725832,RESOLVED,MD-210,2026-06-04 10:15:30,2026-06-05 13:11:43,1,
ES-50330,NT-004272,2026-06-06 07:57:32,#ops-note-triage,1780732652.446308,OPEN,MD-206,2026-06-06 08:38:27,,1,
ES-50331,NT-004281,2026-06-04 16:56:23,#ops-note-triage-urgent,1780592183.997838,RESOLVED,MD-224,2026-06-04 17:27:16,2026-06-05 23:45:19,1,
ES-50332,NT-004334,2026-06-06 19:38:58,#ops-note-triage,1780774738.469447,RESOLVED,MD-233,2026-06-06 20:38:45,2026-06-06 23:38:52,1,
ES-50333,NT-004338,2026-06-05 09:59:46,#ops-note-triage,1780653586.493719,RESOLVED,MD-223,2026-06-05 11:52:04,2026-06-06 06:32:26,1,
ES-50334,NT-004345,2026-06-11 09:04:34,#ops-note-triage-urgent,,PENDING_POST,MD-213,,,1,slack_api:ratelimited (HTTP 429)
ES-50335,NT-004356,2026-06-07 00:27:23,#ops-note-triage,1780792043.977647,OPEN,MD-225,2026-06-07 02:14:47,,1,
ES-50336,NT-004382,2026-05-07 14:01:13,#ops-note-triage,,PENDING_POST,MD-215,,,1,slack_api:ratelimited (HTTP 429)
ES-50337,NT-004387,2026-06-05 07:38:43,#ops-note-triage-urgent,1780645123.245567,RESOLVED,MD-224,2026-06-05 07:57:29,2026-06-06 23:13:01,1,
ES-50338,NT-004391,2026-06-05 07:55:45,#ops-note-triage,1780646145.010867,RESOLVED,MD-219,2026-06-05 08:15:42,2026-06-05 15:51:38,1,
ES-50339,NT-004404,2026-06-05 19:48:05,#ops-note-triage,1780688885.250718,RESOLVED,MD-227,2026-06-05 20:55:23,2026-06-06 06:01:57,1,
ES-50340,NT-004414,2026-05-07 14:05:59,#ops-note-triage-urgent,,PENDING_POST,MD-208,,,1,slack_api:ratelimited (HTTP 429)
ES-50341,NT-004416,2026-06-07 06:30:10,#ops-note-triage,1780813810.210162,OPEN,MD-209,2026-06-07 07:00:24,,1,
ES-50342,NT-004433,2026-06-08 06:51:11,#ops-note-triage,1780901471.953986,RESOLVED,MD-205,2026-06-08 09:16:56,2026-06-09 17:44:44,1,
ES-50343,NT-004445,2026-06-07 08:07:08,#ops-note-triage-urgent,1780819628.603256,RESOLVED,MD-229,2026-06-07 08:34:22,2026-06-08 06:05:11,1,
ES-50344,NT-004448,2026-06-07 21:52:08,#ops-note-triage,1780869128.616227,RESOLVED,MD-206,2026-06-07 22:28:06,2026-06-08 07:44:33,1,
ES-50345,NT-004459,2026-06-07 21:08:07,#ops-note-triage,1780866487.905856,RESOLVED,MD-217,2026-06-07 21:15:07,2026-06-08 04:51:10,1,
ES-50346,NT-004471,2026-06-07 11:06:14,#ops-note-triage-urgent,1780830374.775631,RESOLVED,MD-225,2026-06-07 11:29:15,2026-06-09 03:02:17,1,
ES-50347,NT-004476,2026-06-08 02:52:27,#ops-note-triage,1780887147.579391,RESOLVED,MD-231,2026-06-08 03:18:44,2026-06-09 09:49:47,1,
ES-50348,NT-004481,2026-06-08 02:10:19,#ops-note-triage,1780884619.148016,RESOLVED,MD-226,2026-06-08 02:27:08,2026-06-08 14:18:58,1,
ES-50349,NT-004482,2026-06-08 01:14:39,#ops-note-triage-urgent,1780881279.651319,RESOLVED,MD-224,2026-06-08 02:33:24,2026-06-08 13:52:59,1,
ES-50350,NT-004483,2026-06-07 23:44:37,#ops-note-triage,1780875877.081396,RESOLVED,MD-202,2026-06-08 00:11:06,2026-06-09 00:19:20,1,
ES-50351,NT-004489,2026-06-07 03:38:12,#ops-note-triage,1780803492.646614,OPEN,MD-209,2026-06-07 04:00:19,,1,
ES-50352,NT-004495,2026-06-09 03:41:49,#ops-note-triage-urgent,1780976509.141500,OPEN,MD-224,2026-06-09 03:53:01,,1,
ES-50353,NT-004499,2026-06-09 07:57:58,#ops-note-triage,1780991878.389015,RESOLVED,MD-206,2026-06-09 08:50:26,2026-06-10 11:30:27,1,
ES-50354,NT-004503,2026-06-08 21:43:01,#ops-note-triage,1780954981.056508,RESOLVED,MD-234,2026-06-08 23:33:14,2026-06-09 11:36:11,1,
ES-50355,NT-004530,2026-06-10 18:18:47,#ops-note-triage-urgent,1781115527.046124,RESOLVED,MD-226,2026-06-10 18:46:21,2026-06-11 08:23:30,1,
ES-50356,NT-004536,2026-06-10 14:00:56,#ops-note-triage,1781100056.648975,RESOLVED,MD-204,2026-06-10 15:27:55,2026-06-12 01:32:26,1,
ES-50357,NT-004539,2026-06-10 11:52:55,#ops-note-triage,1781092375.270614,RESOLVED,MD-204,2026-06-10 12:22:32,2026-06-10 18:15:58,1,
ES-50358,NT-004547,2026-06-10 05:31:02,#ops-note-triage-urgent,1781069462.469235,RESOLVED,MD-221,2026-06-10 05:48:09,2026-06-11 21:03:10,1,
ES-50359,NT-004548,2026-06-09 13:10:59,#ops-note-triage,1781010659.078328,RESOLVED,MD-203,2026-06-09 13:58:44,2026-06-09 21:24:12,1,
ES-50360,NT-004551,2026-06-09 04:32:53,#ops-note-triage,1780979573.011038,RESOLVED,MD-217,2026-06-09 05:29:48,2026-06-09 08:25:29,1,
ES-50361,NT-004554,2026-06-10 07:16:30,#ops-note-triage-urgent,1781075790.267697,RESOLVED,MD-201,2026-06-10 07:56:41,2026-06-11 08:31:36,1,
ES-50362,NT-004558,2026-06-11 08:38:54,#ops-note-triage,1781167134.817774,OPEN,MD-219,2026-06-11 09:18:18,,1,
ES-50363,NT-004563,2026-06-10 09:34:07,#ops-note-triage,1781084047.923838,RESOLVED,MD-225,2026-06-10 11:33:36,2026-06-11 01:24:29,1,
ES-50364,NT-004568,2026-06-09 07:27:44,#ops-note-triage-urgent,1780990064.278168,RESOLVED,MD-226,2026-06-09 08:56:40,2026-06-10 19:24:17,1,
ES-50365,NT-004602,2026-06-10 14:11:16,#ops-note-triage,1781100676.236028,OPEN,MD-209,2026-06-10 16:22:51,,1,
ES-50366,NT-004610,2026-06-10 16:13:12,#ops-note-triage,1781107992.796961,RESOLVED,MD-222,2026-06-10 16:46:41,2026-06-11 05:26:28,1,
ES-50367,NT-004627,2026-06-11 08:39:41,#ops-note-triage-urgent,1781167181.268903,RESOLVED,MD-202,2026-06-11 09:07:23,2026-06-11 09:59:08,1,
ES-50368,NT-004636,2026-06-09 21:43:42,#ops-note-triage,1781041422.301514,OPEN,MD-216,2026-06-09 22:07:41,,1,
ES-50369,NT-004654,2026-06-10 19:04:24,#ops-note-triage,1781118264.975037,RESOLVED,MD-234,2026-06-10 21:11:22,2026-06-12 07:07:30,1,
ES-50370,NT-004660,2026-06-12 05:26:53,#ops-note-triage-urgent,1781242013.053611,RESOLVED,MD-231,2026-06-12 05:47:21,2026-06-12 17:09:15,1,
ES-50371,NT-004666,2026-06-11 09:00:45,#ops-note-triage,,PENDING_POST,MD-205,,,1,slack_api:ratelimited (HTTP 429)
ES-50372,NT-004682,2026-06-12 21:15:41,#ops-note-triage,1781298941.622224,RESOLVED,MD-220,2026-06-12 21:24:53,2026-06-13 23:04:35,1,
ES-50373,NT-004685,2026-06-13 05:07:00,#ops-note-triage-urgent,1781327220.346149,OPEN,MD-216,2026-06-13 05:41:29,,1,
ES-50374,NT-004700,2026-06-11 11:30:05,#ops-note-triage,1781177405.569685,OPEN,MD-234,2026-06-11 12:01:36,,1,
ES-50375,NT-004701,2026-06-11 06:31:53,#ops-note-triage,1781159513.171140,OPEN,MD-232,2026-06-11 06:56:06,,1,
ES-50376,NT-004703,2026-06-11 05:35:33,#ops-note-triage-urgent,1781156133.060275,RESOLVED,MD-217,2026-06-11 07:22:48,2026-06-12 19:45:19,1,
ES-50377,NT-004706,2026-06-11 06:00:05,#ops-note-triage,1781157605.148347,RESOLVED,MD-233,2026-06-11 06:09:40,2026-06-12 15:43:22,1,
ES-50378,NT-004718,2026-06-12 14:00:40,#ops-note-triage,1781272840.799313,RESOLVED,MD-231,2026-06-12 15:10:58,2026-06-13 05:09:55,1,
ES-50379,NT-004726,2026-06-10 18:27:58,#ops-note-triage-urgent,1781116078.777069,RESOLVED,MD-212,2026-06-10 19:22:47,2026-06-11 03:04:13,1,
ES-50380,NT-004740,2026-06-10 18:10:29,#ops-note-triage,1781115029.118603,OPEN,MD-206,2026-06-10 18:29:25,,1,
ES-50381,NT-004748,2026-06-12 18:32:23,#ops-note-triage,1781289143.997066,OPEN,MD-231,2026-06-12 19:06:31,,1,
ES-50382,NT-004760,2026-06-10 21:30:32,#ops-note-triage-urgent,1781127032.101704,RESOLVED,MD-202,2026-06-10 22:33:24,2026-06-11 16:14:48,1,
ES-50383,NT-004761,2026-06-12 04:07:05,#ops-note-triage,1781237225.841166,RESOLVED,MD-229,2026-06-12 04:27:58,2026-06-12 06:05:24,1,
ES-50384,NT-004763,2026-06-11 19:35:26,#ops-note-triage,1781206526.384849,OPEN,MD-202,2026-06-11 20:16:43,,1,
ES-50385,NT-004776,2026-06-12 04:23:54,#ops-note-triage-urgent,1781238234.234147,RESOLVED,MD-218,2026-06-12 05:02:48,2026-06-13 06:44:42,1,
ES-50386,NT-004782,2026-06-12 16:24:40,#ops-note-triage,1781281480.431228,RESOLVED,MD-217,2026-06-12 16:58:01,2026-06-13 08:37:37,1,
ES-50387,NT-004787,2026-06-12 02:45:15,#ops-note-triage,1781232315.981513,RESOLVED,MD-225,2026-06-12 03:03:32,2026-06-13 13:51:45,1,
ES-50388,NT-004792,2026-06-13 07:22:46,#ops-note-triage-urgent,1781335366.342643,RESOLVED,MD-225,2026-06-13 08:11:51,2026-06-13 21:40:29,1,
ES-50389,NT-004796,2026-06-12 12:30:00,#ops-note-triage,1781267400.129109,RESOLVED,MD-212,2026-06-12 13:47:04,2026-06-13 22:48:19,1,
ES-50390,NT-004799,2026-06-11 22:14:52,#ops-note-triage,1781216092.071623,RESOLVED,MD-223,2026-06-12 00:33:40,2026-06-12 08:17:12,1,
ES-50391,NT-004815,2026-06-12 14:03:37,#ops-note-triage-urgent,1781273017.355719,RESOLVED,MD-208,2026-06-12 14:18:21,2026-06-14 01:07:57,1,
ES-50392,NT-004832,2026-06-12 00:38:29,#ops-note-triage,1781224709.013514,OPEN,MD-211,2026-06-12 01:05:17,,1,
ES-50393,NT-004843,2026-06-13 18:54:20,#ops-note-triage,1781376860.613416,RESOLVED,MD-210,2026-06-13 20:45:25,2026-06-15 05:05:41,1,
ES-50394,NT-004874,2026-06-13 13:32:34,#ops-note-triage-urgent,1781357554.290117,RESOLVED,MD-201,2026-06-13 13:52:06,2026-06-13 22:22:51,1,
ES-50395,NT-004892,2026-06-15 09:26:15,#ops-note-triage,1781515575.199203,RESOLVED,MD-205,2026-06-15 10:25:38,2026-06-16 16:39:52,1,
ES-50396,NT-004894,2026-05-07 14:02:14,#ops-note-triage,,PENDING_POST,MD-202,,,1,slack_api:ratelimited (HTTP 429)
ES-50397,NT-004906,2026-06-14 06:43:17,#ops-note-triage-urgent,1781419397.012724,RESOLVED,MD-210,2026-06-14 07:12:03,2026-06-14 07:59:51,1,
ES-50398,NT-004908,2026-06-13 18:40:15,#ops-note-triage,1781376015.717312,RESOLVED,MD-220,2026-06-13 19:44:48,2026-06-14 10:49:48,1,
ES-50399,NT-004913,2026-06-11 09:02:22,#ops-note-triage,,PENDING_POST,MD-204,,,1,slack_api:ratelimited (HTTP 429)
ES-50400,NT-004917,2026-06-14 12:15:57,#ops-note-triage-urgent,1781439357.129335,RESOLVED,MD-203,2026-06-14 14:02:19,2026-06-14 23:23:07,1,
ES-50401,NT-004928,2026-06-13 19:50:31,#ops-note-triage,1781380231.195339,RESOLVED,MD-211,2026-06-13 20:43:02,2026-06-15 10:28:38,1,
ES-50402,NT-004944,2026-06-15 23:19:10,#ops-note-triage,1781565550.275320,RESOLVED,MD-203,2026-06-15 23:55:56,2026-06-16 06:22:43,1,
ES-50403,NT-004953,2026-06-15 02:41:54,#ops-note-triage-urgent,1781491314.870590,OPEN,MD-232,2026-06-15 03:19:54,,1,
ES-50404,NT-004954,2026-06-15 18:39:28,#ops-note-triage,1781548768.439873,RESOLVED,MD-217,2026-06-15 19:14:20,2026-06-16 13:25:54,1,
ES-50405,NT-004958,2026-06-11 09:04:44,#ops-note-triage,,PENDING_POST,MD-205,,,1,slack_api:ratelimited (HTTP 429)
ES-50406,NT-004979,2026-06-16 09:23:33,#ops-note-triage-urgent,1781601813.697937,RESOLVED,MD-216,2026-06-16 10:11:29,2026-06-18 01:53:36,1,
ES-50407,NT-004982,2026-06-15 14:12:59,#ops-note-triage,1781532779.341500,RESOLVED,MD-205,2026-06-15 14:59:05,2026-06-15 22:10:02,1,
ES-50408,NT-004990,2026-06-16 10:38:50,#ops-note-triage,1781606330.144734,OPEN,MD-232,2026-06-16 11:18:56,,1,
ES-50409,NT-005009,2026-06-17 21:50:49,#ops-note-triage-urgent,1781733049.221392,RESOLVED,MD-222,2026-06-17 22:13:05,2026-06-18 06:51:06,1,
ES-50410,NT-005015,2026-06-17 14:37:34,#ops-note-triage,1781707054.862236,RESOLVED,MD-227,2026-06-17 14:59:31,2026-06-19 06:56:09,1,
ES-50411,NT-005019,2026-06-16 13:33:48,#ops-note-triage,1781616828.649721,OPEN,MD-215,2026-06-16 13:56:20,,1,
ES-50412,NT-005037,2026-06-17 11:37:07,#ops-note-triage-urgent,1781696227.596160,OPEN,MD-207,2026-06-17 12:10:41,,1,
ES-50413,NT-005044,2026-06-17 22:16:15,#ops-note-triage,1781734575.167285,RESOLVED,MD-212,2026-06-17 22:52:10,2026-06-19 13:36:25,1,
ES-50414,NT-005047,2026-06-16 13:18:03,#ops-note-triage,1781615883.944315,RESOLVED,MD-217,2026-06-16 14:28:19,2026-06-18 06:27:37,1,
ES-50415,NT-005070,2026-06-16 21:44:52,#ops-note-triage-urgent,1781646292.038657,RESOLVED,MD-218,2026-06-16 22:31:31,2026-06-18 05:22:17,1,
ES-50416,NT-005074,2026-06-18 05:10:03,#ops-note-triage,1781759403.949353,OPEN,MD-224,2026-06-18 06:16:56,,1,
ES-50417,NT-005091,2026-06-17 21:30:52,#ops-note-triage,1781731852.997929,RESOLVED,MD-225,2026-06-17 21:42:22,2026-06-18 16:51:12,1,
ES-50418,NT-005102,2026-06-17 05:02:31,#ops-note-triage-urgent,1781672551.903704,OPEN,MD-232,2026-06-17 05:13:26,,1,
ES-50419,NT-005106,2026-06-17 19:42:54,#ops-note-triage,1781725374.873473,RESOLVED,MD-218,2026-06-17 20:38:00,2026-06-18 17:36:40,1,
ES-50420,NT-005108,2026-06-17 02:56:05,#ops-note-triage,1781664965.089465,OPEN,MD-206,2026-06-17 04:00:51,,1,
ES-50421,NT-005117,2026-06-17 05:53:21,#ops-note-triage-urgent,1781675601.117577,OPEN,MD-216,2026-06-17 07:09:55,,1,
ES-50422,NT-005120,2026-06-17 20:53:18,#ops-note-triage,1781729598.281770,RESOLVED,MD-213,2026-06-17 21:15:31,2026-06-19 00:05:54,1,
ES-50423,NT-005124,2026-06-18 10:28:04,#ops-note-triage,1781778484.179076,OPEN,MD-215,2026-06-18 10:34:49,,1,
ES-50424,NT-005141,2026-06-18 02:07:28,#ops-note-triage-urgent,1781748448.291825,RESOLVED,MD-225,2026-06-18 02:30:14,2026-06-19 08:18:05,1,
ES-50425,NT-005149,2026-06-18 16:22:45,#ops-note-triage,1781799765.551190,RESOLVED,MD-222,2026-06-18 17:19:42,2026-06-20 03:43:58,1,
ES-50426,NT-005163,2026-06-20 06:09:31,#ops-note-triage,1781935771.476034,RESOLVED,MD-201,2026-06-20 06:50:45,2026-06-21 00:34:39,1,
ES-50427,NT-005173,2026-05-07 14:00:24,#ops-note-triage-urgent,,PENDING_POST,MD-210,,,1,slack_api:ratelimited (HTTP 429)
ES-50428,NT-005175,2026-06-17 20:10:12,#ops-note-triage,1781727012.747945,RESOLVED,MD-234,2026-06-17 20:41:02,2026-06-18 22:28:48,1,
ES-50429,NT-005178,2026-06-19 19:56:30,#ops-note-triage,1781898990.223939,OPEN,MD-218,2026-06-19 20:18:39,,1,
ES-50430,NT-005191,2026-06-19 08:15:36,#ops-note-triage-urgent,1781856936.902155,OPEN,MD-217,2026-06-19 09:19:10,,1,
ES-50431,NT-005192,2026-06-19 06:17:29,#ops-note-triage,1781849849.726829,RESOLVED,MD-222,2026-06-19 07:13:11,2026-06-19 08:12:19,1,
ES-50432,NT-005213,2026-06-20 05:18:32,#ops-note-triage,1781932712.499733,OPEN,MD-219,2026-06-20 05:43:10,,1,
ES-50433,NT-005230,2026-06-18 19:52:44,#ops-note-triage-urgent,1781812364.434634,OPEN,MD-206,2026-06-18 20:02:04,,1,
ES-50434,NT-005231,2026-06-19 12:23:47,#ops-note-triage,1781871827.375523,RESOLVED,MD-211,2026-06-19 12:54:05,2026-06-21 01:37:03,1,
ES-50435,NT-005239,2026-06-11 09:03:18,#ops-note-triage,,PENDING_POST,MD-217,,,1,slack_api:ratelimited (HTTP 429)
ES-50436,NT-005242,2026-06-20 09:20:29,#ops-note-triage-urgent,1781947229.564798,RESOLVED,MD-233,2026-06-20 09:34:54,2026-06-21 06:36:32,1,
ES-50437,NT-005264,2026-06-20 11:11:36,#ops-note-triage,1781953896.113807,OPEN,MD-226,2026-06-20 11:36:20,,1,
ES-50438,NT-005269,2026-06-18 16:54:29,#ops-note-triage,1781801669.736598,RESOLVED,MD-213,2026-06-18 17:48:43,2026-06-19 16:12:57,1,
ES-50439,NT-005274,2026-06-21 11:41:32,#ops-note-triage-urgent,1782042092.742694,RESOLVED,MD-225,2026-06-21 13:27:17,2026-06-22 20:17:23,1,
ES-50440,NT-005278,2026-05-07 14:04:34,#ops-note-triage,,PENDING_POST,MD-220,,,1,slack_api:ratelimited (HTTP 429)
ES-50441,NT-005281,2026-06-19 09:41:36,#ops-note-triage,1781862096.486074,OPEN,MD-215,2026-06-19 10:41:49,,1,
ES-50442,NT-005287,2026-06-21 12:45:21,#ops-note-triage-urgent,1782045921.211462,RESOLVED,MD-207,2026-06-21 13:13:48,2026-06-23 00:24:08,1,
ES-50443,NT-005327,2026-06-23 03:10:22,#ops-note-triage,1782184222.151821,RESOLVED,MD-230,2026-06-23 03:45:47,2026-06-23 20:22:16,1,
ES-50444,NT-005329,2026-06-23 11:11:18,#ops-note-triage,1782213078.953864,RESOLVED,MD-218,2026-06-23 11:22:29,2026-06-23 22:43:27,1,
ES-50445,NT-005347,2026-06-22 15:06:21,#ops-note-triage-urgent,1782140781.949233,RESOLVED,MD-234,2026-06-22 15:45:59,2026-06-23 02:06:10,1,
ES-50446,NT-005361,2026-06-23 02:57:33,#ops-note-triage,1782183453.962883,OPEN,MD-217,2026-06-23 04:51:04,,1,
ES-50447,NT-005368,2026-06-23 23:42:49,#ops-note-triage,1782258169.011023,RESOLVED,MD-230,2026-06-24 01:59:33,2026-06-24 22:04:05,1,
ES-50448,NT-005371,2026-06-23 07:13:29,#ops-note-triage-urgent,1782198809.636130,RESOLVED,MD-218,2026-06-23 07:57:28,2026-06-24 19:18:57,1,
ES-50449,NT-005372,2026-05-07 14:03:27,#ops-note-triage,,PENDING_POST,MD-203,,,1,slack_api:ratelimited (HTTP 429)
ES-50450,NT-005400,2026-06-23 10:42:05,#ops-note-triage,1782211325.335308,RESOLVED,MD-223,2026-06-23 10:57:28,2026-06-24 18:54:38,1,
ES-50451,NT-005419,2026-05-07 14:05:35,#ops-note-triage-urgent,,PENDING_POST,MD-216,,,1,slack_api:ratelimited (HTTP 429)
ES-50452,NT-005422,2026-06-23 07:44:04,#ops-note-triage,1782200644.094188,RESOLVED,MD-212,2026-06-23 07:55:30,2026-06-24 21:15:43,1,
ES-50453,NT-005452,2026-06-25 18:44:37,#ops-note-triage,1782413077.778185,RESOLVED,MD-221,2026-06-25 19:57:29,2026-06-26 15:08:32,1,
ES-50454,NT-005455,2026-06-25 12:09:09,#ops-note-triage-urgent,1782389349.101921,RESOLVED,MD-213,2026-06-25 12:19:14,2026-06-26 20:52:20,1,
ES-50455,NT-005473,2026-05-07 14:04:52,#ops-note-triage,,PENDING_POST,MD-202,,,1,slack_api:ratelimited (HTTP 429)
ES-50456,NT-005477,2026-06-24 01:01:44,#ops-note-triage,1782262904.818615,RESOLVED,MD-216,2026-06-24 01:49:07,2026-06-24 23:50:15,1,
ES-50457,NT-005494,2026-06-26 02:38:32,#ops-note-triage-urgent,1782441512.610836,RESOLVED,MD-229,2026-06-26 03:46:36,2026-06-26 18:26:39,1,
ES-50458,NT-005495,2026-06-24 19:06:02,#ops-note-triage,1782327962.955634,RESOLVED,MD-218,2026-06-24 19:33:04,2026-06-25 17:54:54,1,
ES-50459,NT-005503,2026-06-25 15:13:37,#ops-note-triage,1782400417.391849,RESOLVED,MD-232,2026-06-25 15:20:32,2026-06-25 15:45:46,1,
ES-50460,NT-005507,2026-06-26 03:07:49,#ops-note-triage-urgent,1782443269.010506,RESOLVED,MD-224,2026-06-26 05:16:59,2026-06-27 06:55:00,1,
ES-50461,NT-005510,2026-06-27 06:46:28,#ops-note-triage,1782542788.441012,RESOLVED,MD-206,2026-06-27 07:22:37,2026-06-28 21:06:28,1,
ES-50462,NT-005523,2026-06-26 23:00:35,#ops-note-triage,1782514835.057052,RESOLVED,MD-226,2026-06-27 00:32:49,2026-06-27 04:08:07,1,
ES-50463,NT-005542,2026-06-27 08:23:38,#ops-note-triage-urgent,1782548618.162109,RESOLVED,MD-226,2026-06-27 08:32:47,2026-06-28 13:18:36,1,
ES-50464,NT-005554,2026-06-26 14:51:16,#ops-note-triage,1782485476.332507,OPEN,MD-231,2026-06-26 15:24:43,,1,
ES-50465,NT-005559,2026-06-25 13:29:45,#ops-note-triage,1782394185.159116,RESOLVED,MD-225,2026-06-25 14:59:03,2026-06-26 18:41:07,1,
ES-50466,NT-005576,2026-06-25 06:12:01,#ops-note-triage-urgent,1782367921.471209,OPEN,MD-234,2026-06-25 07:36:21,,1,
ES-50467,NT-005582,2026-06-26 08:03:24,#ops-note-triage,1782461004.344333,RESOLVED,MD-223,2026-06-26 09:05:32,2026-06-27 08:41:14,1,
ES-50468,NT-005592,2026-06-26 18:04:09,#ops-note-triage,1782497049.233922,RESOLVED,MD-232,2026-06-26 19:25:56,2026-06-26 22:11:51,1,
ES-50469,NT-005608,2026-06-28 00:04:39,#ops-note-triage-urgent,1782605079.450326,RESOLVED,MD-210,2026-06-28 03:26:11,2026-06-28 14:32:39,1,
ES-50470,NT-005617,2026-06-26 13:15:23,#ops-note-triage,1782479723.206832,RESOLVED,MD-231,2026-06-26 13:56:52,2026-06-26 17:48:01,1,
ES-50471,NT-005618,2026-06-27 03:50:07,#ops-note-triage,1782532207.832806,RESOLVED,MD-221,2026-06-27 04:02:42,2026-06-28 04:45:11,1,
ES-50472,NT-005621,2026-06-25 20:23:04,#ops-note-triage-urgent,1782418984.993531,RESOLVED,MD-226,2026-06-25 20:47:34,2026-06-25 22:09:18,1,
ES-50473,NT-005623,2026-06-27 18:46:02,#ops-note-triage,1782585962.868105,RESOLVED,MD-228,2026-06-27 19:39:41,2026-06-28 21:16:27,1,
ES-50474,NT-005624,2026-06-26 05:42:15,#ops-note-triage,1782452535.461149,RESOLVED,MD-201,2026-06-26 06:18:36,2026-06-26 13:29:47,1,
ES-50475,NT-005629,2026-06-11 09:00:50,#ops-note-triage-urgent,,PENDING_POST,MD-211,,,1,slack_api:ratelimited (HTTP 429)
ES-50476,NT-005651,2026-06-27 18:18:29,#ops-note-triage,1782584309.602178,RESOLVED,MD-219,2026-06-27 18:37:59,2026-06-28 14:37:13,1,
ES-50477,NT-005671,2026-05-07 14:03:45,#ops-note-triage,,PENDING_POST,MD-222,,,1,slack_api:ratelimited (HTTP 429)
ES-50478,NT-005683,2026-06-27 00:15:57,#ops-note-triage-urgent,1782519357.484174,OPEN,MD-232,2026-06-27 00:31:24,,1,
ES-50479,NT-005687,2026-06-29 00:58:56,#ops-note-triage,1782694736.027041,RESOLVED,MD-215,2026-06-29 01:32:01,2026-06-29 20:29:25,1,
ES-50480,NT-005691,2026-06-28 09:26:23,#ops-note-triage,1782638783.324575,OPEN,MD-216,2026-06-28 09:54:17,,1,
ES-50481,NT-005703,2026-06-27 16:22:43,#ops-note-triage-urgent,1782577363.794839,RESOLVED,MD-206,2026-06-27 19:47:58,2026-06-28 19:33:22,1,
ES-50482,NT-005710,2026-06-29 06:50:05,#ops-note-triage,1782715805.177617,RESOLVED,MD-234,2026-06-29 07:11:03,2026-06-29 08:00:24,1,
ES-50483,NT-005715,2026-06-28 06:58:47,#ops-note-triage,1782629927.503284,OPEN,MD-230,2026-06-28 08:03:36,,1,
ES-50484,NT-005722,2026-06-29 02:46:29,#ops-note-triage-urgent,1782701189.130849,RESOLVED,MD-234,2026-06-29 03:18:03,2026-06-30 06:45:54,1,
ES-50485,NT-005726,2026-06-29 01:14:29,#ops-note-triage,1782695669.936750,RESOLVED,MD-231,2026-06-29 01:21:25,2026-06-30 10:04:42,1,
ES-50486,NT-005736,2026-06-27 02:34:30,#ops-note-triage,1782527670.533054,RESOLVED,MD-212,2026-06-27 03:20:20,2026-06-27 16:52:30,1,
ES-50487,NT-005745,2026-06-28 08:05:05,#ops-note-triage-urgent,1782633905.507638,RESOLVED,MD-218,2026-06-28 08:17:14,2026-06-28 22:16:20,1,
ES-50488,NT-005760,2026-06-30 03:42:57,#ops-note-triage,1782790977.643045,RESOLVED,MD-203,2026-06-30 03:54:23,2026-07-01 08:22:23,1,
ES-50489,NT-005764,2026-06-27 21:24:06,#ops-note-triage,1782595446.143542,RESOLVED,MD-217,2026-06-27 21:57:35,2026-06-29 10:49:35,1,
ES-50490,NT-005777,2026-07-01 03:40:50,#ops-note-triage-urgent,1782877250.261097,RESOLVED,MD-226,2026-07-01 03:50:42,2026-07-02 14:32:22,1,
ES-50491,NT-005783,2026-06-30 17:54:36,#ops-note-triage,1782842076.371267,RESOLVED,MD-226,2026-06-30 19:11:56,2026-07-01 22:46:23,1,
ES-50492,NT-005806,2026-06-30 07:57:08,#ops-note-triage,1782806228.089560,OPEN,MD-231,2026-06-30 08:30:53,,1,
ES-50493,NT-005807,2026-07-01 23:21:43,#ops-note-triage-urgent,1782948103.762308,RESOLVED,MD-208,2026-07-01 23:48:32,2026-07-02 09:46:46,1,
ES-50494,NT-005826,2026-06-30 04:44:56,#ops-note-triage,1782794696.840681,RESOLVED,MD-205,2026-06-30 05:38:46,2026-07-01 11:09:49,1,
ES-50495,NT-005827,2026-06-30 23:59:36,#ops-note-triage,1782863976.831914,RESOLVED,MD-208,2026-07-01 01:11:38,2026-07-01 15:25:13,1,
ES-50496,NT-005834,2026-07-01 21:34:56,#ops-note-triage-urgent,1782941696.524474,RESOLVED,MD-202,2026-07-01 21:59:47,2026-07-03 06:02:40,1,
ES-50497,NT-005843,2026-07-02 03:34:23,#ops-note-triage,1782963263.770135,RESOLVED,MD-230,2026-07-02 04:13:38,2026-07-03 09:50:01,1,
ES-50498,NT-005848,2026-07-01 14:09:35,#ops-note-triage,1782914975.488000,RESOLVED,MD-234,2026-07-01 16:02:03,2026-07-02 07:12:02,1,
ES-50499,NT-005850,2026-06-30 08:37:18,#ops-note-triage-urgent,1782808638.995356,OPEN,MD-221,2026-06-30 08:49:19,,1,
ES-50500,NT-005857,2026-07-02 06:50:32,#ops-note-triage,1782975032.146713,RESOLVED,MD-218,2026-07-02 07:19:19,2026-07-02 10:58:28,1,
ES-50501,NT-005858,2026-07-01 00:05:40,#ops-note-triage,1782864340.289689,OPEN,MD-212,2026-07-01 00:41:12,,1,
ES-50502,NT-005859,2026-06-29 23:03:31,#ops-note-triage-urgent,1782774211.179941,RESOLVED,MD-220,2026-06-29 23:29:34,2026-06-30 22:43:20,1,
ES-50503,NT-005872,2026-07-03 05:09:19,#ops-note-triage,1783055359.804944,RESOLVED,MD-218,2026-07-03 05:50:38,2026-07-04 10:15:42,1,
ES-50504,NT-005890,2026-07-02 20:20:50,#ops-note-triage,1783023650.829430,RESOLVED,MD-217,2026-07-02 21:11:58,2026-07-04 13:02:46,1,
ES-50505,NT-005908,2026-07-02 10:10:56,#ops-note-triage-urgent,1782987056.130527,RESOLVED,MD-222,2026-07-02 11:11:04,2026-07-02 23:51:16,1,
ES-50506,NT-005917,2026-07-02 00:14:10,#ops-note-triage,1782951250.731909,RESOLVED,MD-213,2026-07-02 00:43:01,2026-07-03 09:54:33,1,
ES-50507,NT-005920,2026-07-02 16:16:38,#ops-note-triage,1783008998.384387,RESOLVED,MD-223,2026-07-02 16:36:17,2026-07-03 11:44:32,1,
ES-50508,NT-005930,2026-07-01 00:29:13,#ops-note-triage-urgent,1782865753.787171,RESOLVED,MD-213,2026-07-01 01:22:32,2026-07-02 08:03:29,1,
ES-50509,NT-005958,2026-05-07 14:00:06,#ops-note-triage,,PENDING_POST,MD-205,,,1,slack_api:ratelimited (HTTP 429)
ES-50510,NT-005959,2026-07-02 06:32:29,#ops-note-triage,1782973949.630128,OPEN,MD-227,2026-07-02 06:46:36,,1,
ES-50511,NT-005970,2026-07-02 10:23:23,#ops-note-triage-urgent,1782987803.955953,OPEN,MD-211,2026-07-02 11:08:39,,1,
ES-50512,NT-005976,2026-07-02 13:40:40,#ops-note-triage,1782999640.835419,RESOLVED,MD-230,2026-07-02 13:57:34,2026-07-04 04:11:26,1,
ES-50513,NT-005984,2026-07-04 08:38:54,#ops-note-triage,1783154334.240989,OPEN,MD-215,2026-07-04 08:55:25,,1,
ES-50514,NT-005985,2026-07-03 06:00:08,#ops-note-triage-urgent,1783058408.849864,RESOLVED,MD-202,2026-07-03 06:26:23,2026-07-04 07:34:38,1,
ES-50515,NT-005988,2026-07-02 00:32:55,#ops-note-triage,1782952375.485576,RESOLVED,MD-205,2026-07-02 01:01:38,2026-07-03 13:19:37,1,
ES-50516,NT-005994,2026-07-04 03:38:29,#ops-note-triage,1783136309.411917,RESOLVED,MD-202,2026-07-04 04:57:53,2026-07-05 12:24:17,1,
ES-50517,NT-006036,2026-07-04 01:06:54,#ops-note-triage-urgent,1783127214.890422,RESOLVED,MD-209,2026-07-04 01:18:06,2026-07-04 13:53:12,1,
ES-50518,NT-006038,2026-05-07 14:05:41,#ops-note-triage,,PENDING_POST,MD-233,,,1,slack_api:ratelimited (HTTP 429)
ES-50519,NT-006041,2026-07-04 20:36:18,#ops-note-triage,1783197378.207851,RESOLVED,MD-206,2026-07-04 21:35:29,2026-07-05 02:48:00,1,
ES-50520,NT-006045,2026-07-03 08:39:07,#ops-note-triage-urgent,1783067947.731181,RESOLVED,MD-221,2026-07-03 08:56:59,2026-07-04 21:02:32,1,
ES-50521,NT-006055,2026-07-04 16:15:58,#ops-note-triage,1783181758.500638,RESOLVED,MD-209,2026-07-04 16:33:09,2026-07-05 10:19:32,1,
ES-50522,NT-006063,2026-07-03 03:57:11,#ops-note-triage,1783051031.058936,RESOLVED,MD-221,2026-07-03 04:29:07,2026-07-03 12:34:00,1,
ES-50523,NT-006070,2026-07-04 04:55:58,#ops-note-triage-urgent,1783140958.248906,RESOLVED,MD-208,2026-07-04 05:12:16,2026-07-04 23:30:59,1,
ES-50524,NT-006084,2026-07-03 03:04:18,#ops-note-triage,1783047858.699992,OPEN,MD-214,2026-07-03 03:45:08,,1,
ES-50525,NT-006104,2026-07-03 13:52:58,#ops-note-triage,1783086778.757056,RESOLVED,MD-210,2026-07-03 14:20:01,2026-07-04 22:28:19,1,
ES-50526,NT-006109,2026-07-05 22:40:18,#ops-note-triage-urgent,1783291218.354214,RESOLVED,MD-202,2026-07-05 22:57:14,2026-07-07 04:03:50,1,
ES-50527,NT-006119,2026-07-06 01:43:34,#ops-note-triage,1783302214.433222,OPEN,MD-224,2026-07-06 02:12:46,,1,
ES-50528,NT-006124,2026-07-05 20:34:05,#ops-note-triage,1783283645.206777,RESOLVED,MD-226,2026-07-05 22:23:22,2026-07-07 01:13:25,1,
ES-50529,NT-006128,2026-05-07 14:00:00,#ops-note-triage-urgent,,PENDING_POST,MD-220,,,1,slack_api:ratelimited (HTTP 429)
ES-50530,NT-006137,2026-07-06 07:39:38,#ops-note-triage,1783323578.957927,RESOLVED,MD-210,2026-07-06 08:30:41,2026-07-06 19:28:22,1,
ES-50531,NT-006142,2026-07-06 17:32:37,#ops-note-triage,1783359157.066214,RESOLVED,MD-210,2026-07-06 17:46:42,2026-07-07 07:56:46,1,
ES-50532,NT-006143,2026-05-07 14:02:38,#ops-note-triage-urgent,,PENDING_POST,MD-230,,,1,slack_api:ratelimited (HTTP 429)
ES-50533,NT-006157,2026-07-07 17:10:46,#ops-note-triage,1783444246.513871,RESOLVED,MD-204,2026-07-07 17:26:32,2026-07-08 09:31:31,1,
